{
    "name": "root",
    "gauges": {
        "FlappAndSwitch.Policy.Entropy.mean": {
            "value": 1.7014411687850952,
            "min": 1.6997196674346924,
            "max": 1.7760838270187378,
            "count": 23
        },
        "FlappAndSwitch.Policy.Entropy.sum": {
            "value": 3612.15966796875,
            "min": 2876.197509765625,
            "max": 3914.720947265625,
            "count": 23
        },
        "FlappAndSwitch.Environment.EpisodeLength.mean": {
            "value": 264.375,
            "min": 50.60526315789474,
            "max": 264.375,
            "count": 23
        },
        "FlappAndSwitch.Environment.EpisodeLength.sum": {
            "value": 2115.0,
            "min": 1663.0,
            "max": 2229.0,
            "count": 23
        },
        "FlappAndSwitch.Step.mean": {
            "value": 45983.0,
            "min": 1712.0,
            "max": 45983.0,
            "count": 23
        },
        "FlappAndSwitch.Step.sum": {
            "value": 45983.0,
            "min": 1712.0,
            "max": 45983.0,
            "count": 23
        },
        "FlappAndSwitch.Policy.ExtrinsicValueEstimate.mean": {
            "value": 0.753024697303772,
            "min": 0.660628080368042,
            "max": 0.753024697303772,
            "count": 23
        },
        "FlappAndSwitch.Policy.ExtrinsicValueEstimate.sum": {
            "value": 6.024197578430176,
            "min": 6.024197578430176,
            "max": 25.709041595458984,
            "count": 23
        },
        "FlappAndSwitch.Policy.GailValueEstimate.mean": {
            "value": 0.0012485404731705785,
            "min": -0.00422745943069458,
            "max": 0.005107543896883726,
            "count": 23
        },
        "FlappAndSwitch.Policy.GailValueEstimate.sum": {
            "value": 0.009988323785364628,
            "min": -0.13527870178222656,
            "max": 0.0766131579875946,
            "count": 23
        },
        "FlappAndSwitch.Environment.CumulativeReward.mean": {
            "value": 99.50398862361908,
            "min": 18.83374868122337,
            "max": 99.50398862361908,
            "count": 23
        },
        "FlappAndSwitch.Environment.CumulativeReward.sum": {
            "value": 796.0319089889526,
            "min": 602.6799577991478,
            "max": 816.1489384174347,
            "count": 23
        },
        "FlappAndSwitch.Policy.ExtrinsicReward.mean": {
            "value": 99.50398862361908,
            "min": 18.83374868122337,
            "max": 99.50398862361908,
            "count": 23
        },
        "FlappAndSwitch.Policy.ExtrinsicReward.sum": {
            "value": 796.0319089889526,
            "min": 602.6799577991478,
            "max": 816.1489384174347,
            "count": 23
        },
        "FlappAndSwitch.Policy.GailReward.mean": {
            "value": 0.0,
            "min": 0.0,
            "max": 0.0,
            "count": 23
        },
        "FlappAndSwitch.Policy.GailReward.sum": {
            "value": 0.0,
            "min": 0.0,
            "max": 0.0,
            "count": 23
        },
        "FlappAndSwitch.IsTraining.mean": {
            "value": 1.0,
            "min": 1.0,
            "max": 1.0,
            "count": 23
        },
        "FlappAndSwitch.IsTraining.sum": {
            "value": 1.0,
            "min": 1.0,
            "max": 1.0,
            "count": 23
        },
        "FlappAndSwitch.Losses.PolicyLoss.mean": {
            "value": 0.048228220174658214,
            "min": 0.04518694683081574,
            "max": 0.05159853292344552,
            "count": 4
        },
        "FlappAndSwitch.Losses.PolicyLoss.sum": {
            "value": 0.048228220174658214,
            "min": 0.04518694683081574,
            "max": 0.05159853292344552,
            "count": 4
        },
        "FlappAndSwitch.Losses.ValueLoss.mean": {
            "value": 0.019245846040495153,
            "min": 0.019245846040495153,
            "max": 0.03589459092925406,
            "count": 4
        },
        "FlappAndSwitch.Losses.ValueLoss.sum": {
            "value": 0.019245846040495153,
            "min": 0.019245846040495153,
            "max": 0.03589459092925406,
            "count": 4
        },
        "FlappAndSwitch.Policy.LearningRate.mean": {
            "value": 5.137808287400001e-05,
            "min": 5.137808287400001e-05,
            "max": 0.00023851802049399993,
            "count": 4
        },
        "FlappAndSwitch.Policy.LearningRate.sum": {
            "value": 5.137808287400001e-05,
            "min": 5.137808287400001e-05,
            "max": 0.00023851802049399993,
            "count": 4
        },
        "FlappAndSwitch.Policy.Epsilon.mean": {
            "value": 0.11712600000000004,
            "min": 0.11712600000000004,
            "max": 0.17950599999999997,
            "count": 4
        },
        "FlappAndSwitch.Policy.Epsilon.sum": {
            "value": 0.11712600000000004,
            "min": 0.11712600000000004,
            "max": 0.17950599999999997,
            "count": 4
        },
        "FlappAndSwitch.Policy.Beta.mean": {
            "value": 9.391739999999996e-05,
            "min": 9.391739999999996e-05,
            "max": 0.0003995793999999999,
            "count": 4
        },
        "FlappAndSwitch.Policy.Beta.sum": {
            "value": 9.391739999999996e-05,
            "min": 9.391739999999996e-05,
            "max": 0.0003995793999999999,
            "count": 4
        },
        "FlappAndSwitch.Policy.GAILPolicyEstimate.mean": {
            "value": 0.08547256582727035,
            "min": 0.08547256582727035,
            "max": 0.09681337450941403,
            "count": 4
        },
        "FlappAndSwitch.Policy.GAILPolicyEstimate.sum": {
            "value": 0.08547256582727035,
            "min": 0.08547256582727035,
            "max": 0.09681337450941403,
            "count": 4
        },
        "FlappAndSwitch.Policy.GAILExpertEstimate.mean": {
            "value": 0.9195150315761567,
            "min": 0.9094383357299699,
            "max": 0.9195150315761567,
            "count": 4
        },
        "FlappAndSwitch.Policy.GAILExpertEstimate.sum": {
            "value": 0.9195150315761567,
            "min": 0.9094383357299699,
            "max": 0.9195150315761567,
            "count": 4
        },
        "FlappAndSwitch.Losses.GAILLoss.mean": {
            "value": 0.17513379524979328,
            "min": 0.17513379524979328,
            "max": 0.19939425459338558,
            "count": 4
        },
        "FlappAndSwitch.Losses.GAILLoss.sum": {
            "value": 0.17513379524979328,
            "min": 0.17513379524979328,
            "max": 0.19939425459338558,
            "count": 4
        },
        "FlappAndSwitch.Policy.GAILGradMagLoss.mean": {
            "value": 0.11244033784088162,
            "min": 0.11244033784088162,
            "max": 0.12881279736757278,
            "count": 4
        },
        "FlappAndSwitch.Policy.GAILGradMagLoss.sum": {
            "value": 0.11244033784088162,
            "min": 0.11244033784088162,
            "max": 0.12881279736757278,
            "count": 4
        },
        "FlappAndSwitch.Losses.PretrainingLoss.mean": {
            "value": 0.0,
            "min": 0.0,
            "max": 0.0,
            "count": 4
        },
        "FlappAndSwitch.Losses.PretrainingLoss.sum": {
            "value": 0.0,
            "min": 0.0,
            "max": 0.0,
            "count": 4
        }
    },
    "metadata": {
        "timer_format_version": "0.1.0",
        "start_time_seconds": "1651933170",
        "python_version": "3.7.9 (tags/v3.7.9:13c94747c7, Aug 17 2020, 18:58:18) [MSC v.1900 64 bit (AMD64)]",
        "command_line_arguments": "C:\\Users\\Bobby\\Documents\\UnityProjects\\MLAgents_Intro\\venv\\Scripts\\mlagents-learn config/flappyAgent.yml --initialize-from=FlappyAgentDificulty3 --run-id=FlappyAgentDificulty2 --time-scale=1",