{
    "name": "root",
    "metadata": {
        "timer_format_version": "0.1.0",
        "start_time_seconds": "1651929959",
        "python_version": "3.7.9 (tags/v3.7.9:13c94747c7, Aug 17 2020, 18:58:18) [MSC v.1900 64 bit (AMD64)]",
        "command_line_arguments": "C:\\Users\\Bobby\\Documents\\UnityProjects\\MLAgents_Intro\\venv\\Scripts\\mlagents-learn config/flappyAgent.yml --initialize-from=FlappyAgentBCTestDeathPenalty2.2 --run-id=FlappyAgentBCTestDeathPenalty3.0 --time-scale=1",
        "mlagents_version": "0.28.0",
        "mlagents_envs_version": "0.28.0",
        "communication_protocol_version": "1.5.0",
        "pytorch_version": "1.7.1+cu110",
        "numpy_version": "1.21.5",
        "end_time_seconds": "1651930959"
    },
    "total": 999.9503836,
    "count": 1,
    "self": 0.007140499999991334,
    "children": {
        "run_training.setup": {
            "total": 0.07344499999999998,
            "count": 1,
            "self": 0.07344499999999998
        },
        "TrainerController.start_learning": {
            "total": 999.8697981,
            "count": 1,
            "self": 1.2979358000085313,
            "children": {
                "TrainerController._reset_env": {
                    "total": 7.3191974,
                    "count": 1,
                    "self": 6.870325299999998,
                    "children": {
                        "demo_to_buffer": {
                            "total": 0.4488721000000018,
                            "count": 2,
                            "self": 5.6200000001283e-05,
                            "children": {
                                "load_demonstration": {
                                    "total": 0.011368099999999437,
                                    "count": 2,
                                    "self": 0.011047300000000426,
                                    "children": {
                                        "read_file": {
                                            "total": 0.00032079999999901077,
                                            "count": 2,
                                            "self": 0.00032079999999901077
                                        }
                                    }
                                },
                                "make_demo_buffer": {
                                    "total": 0.43744780000000105,
                                    "count": 2,
                                    "self": 0.0673816000001155,
                                    "children": {
                                        "steps_from_proto": {
                                            "total": 0.37006619999988555,
                                            "count": 5024,
                                            "self": 0.23189979999983734,
                                            "children": {
                                                "_process_rank_one_or_two_observation": {
                                                    "total": 0.1381664000000482,
                                                    "count": 20096,
                                                    "self": 0.1381664000000482
                                                }
                                            }
                                        }
                                    }
                                }
                            }
                        }
                    }
                },
                "TrainerController.advance": {
                    "total": 991.1391755999915,
                    "count": 60507,
                    "self": 0.6303740000003017,
                    "children": {
                        "env_step": {
                            "total": 990.5088015999912,
                            "count": 60507,
                            "self": 746.2286267999863,
                            "children": {
                                "SubprocessEnvManager._take_step": {
                                    "total": 243.6645317000095,
                                    "count": 60508,
                                    "self": 2.816836500015029,
                                    "children": {
                                        "TorchPolicy.evaluate": {
                                            "total": 240.84769519999446,
                                            "count": 58128,
                                            "self": 118.4257505000017,
                                            "children": {
                                                "TorchPolicy.sample_actions": {
                                                    "total": 122.42194469999276,
                                                    "count": 58128,
                                                    "self": 122.42194469999276
                                                }
                                            }
                                        }
                                    }
                                },
                                "workers": {
                                    "total": 0.6156430999954203,
                                    "count": 60506,
                                    "self": 0.0,
                                    "children": {
                                        "worker_root": {
                                            "total": 927.5002219999946,
                                            "count": 60506,
                                            "is_parallel": true,
                                            "self": 304.72880520000626,
                                            "children": {
                                                "steps_from_proto": {
                                                    "total": 0.0007829999999997561,
                                                    "count": 2,
                                                    "is_parallel": true,
                                                    "self": 0.00038609999999916766,
                                                    "children": {
                                                        "_process_rank_one_or_two_observation": {
                                                            "total": 0.00039690000000058845,
                                                            "count": 8,
                                                            "is_parallel": true,
                                                            "self": 0.00039690000000058845
                                                        }
                                                    }
                                                },
                                                "UnityEnvironment.step": {
                                                    "total": 622.7706337999883,
                                                    "count": 60506,
                                                    "is_parallel": true,
                                                    "self": 4.174824399941599,
                                                    "children": {
                                                        "UnityEnvironment._generate_step_input": {
                                                            "total": 3.3224738000094227,
                                                            "count": 60506,
                                                            "is_parallel": true,
                                                            "self": 3.3224738000094227
                                                        },
                                                        "communicator.exchange": {
                                                            "total": 598.9472308000131,
                                                            "count": 60506,