{
    "name": "root",
    "gauges": {
        "MoveToGoal.Policy.Entropy.mean": {
            "value": 2.2399916648864746,
            "min": 2.232774496078491,
            "max": 3.3351316452026367,
            "count": 22
        },
        "MoveToGoal.Policy.Entropy.sum": {
            "value": 44620.6328125,
            "min": 43737.80078125,
            "max": 66936.09375,
            "count": 22
        },
        "MoveToGoal.Step.mean": {
            "value": 439973.0,
            "min": 19983.0,
            "max": 439973.0,
            "count": 22
        },
        "MoveToGoal.Step.sum": {
            "value": 439973.0,
            "min": 19983.0,
            "max": 439973.0,
            "count": 22
        },
        "MoveToGoal.Policy.ExtrinsicValueEstimate.mean": {
            "value": 0.20285509526729584,
            "min": 0.028428824618458748,
            "max": 0.2149592638015747,
            "count": 22
        },
        "MoveToGoal.Policy.ExtrinsicValueEstimate.sum": {
            "value": 76.27351379394531,
            "min": 9.836373329162598,
            "max": 81.46955871582031,
            "count": 22
        },
        "MoveToGoal.Policy.GailValueEstimate.mean": {
            "value": -0.0029897538479417562,
            "min": -0.01377785112708807,
            "max": 10.149100303649902,
            "count": 22
        },
        "MoveToGoal.Policy.GailValueEstimate.sum": {
            "value": -1.1241474151611328,
            "min": -5.015137672424316,
            "max": 3511.5888671875,
            "count": 22
        },
        "MoveToGoal.Environment.EpisodeLength.mean": {
            "value": 162.2622950819672,
            "min": 162.21774193548387,
            "max": 416.64814814814815,
            "count": 22
        },
        "MoveToGoal.Environment.EpisodeLength.sum": {
            "value": 19796.0,
            "min": 13470.0,
            "max": 25452.0,
            "count": 22
        },
        "MoveToGoal.Environment.CumulativeReward.mean": {
            "value": 1.836737817611362,
            "min": 1.1749445211004328,
            "max": 1.8367823691017204,
            "count": 22
        },
        "MoveToGoal.Environment.CumulativeReward.sum": {
            "value": 224.08201374858618,
            "min": 59.00500355288386,
            "max": 231.17801377177238,
            "count": 22
        },
        "MoveToGoal.Policy.ExtrinsicReward.mean": {
            "value": 1.836737817611362,
            "min": 1.1749445211004328,
            "max": 1.8367823691017204,
            "count": 22
        },
        "MoveToGoal.Policy.ExtrinsicReward.sum": {
            "value": 224.08201374858618,
            "min": 59.00500355288386,
            "max": 231.17801377177238,
            "count": 22
        },
        "MoveToGoal.Policy.GailReward.mean": {
            "value": 0.0,
            "min": 0.0,
            "max": 0.0,
            "count": 22
        },
        "MoveToGoal.Policy.GailReward.sum": {
            "value": 0.0,
            "min": 0.0,
            "max": 0.0,
            "count": 22
        },
        "MoveToGoal.Losses.PolicyLoss.mean": {
            "value": 0.034014593669770776,
            "min": 0.029706219661198296,
            "max": 0.03614731080403241,
            "count": 22
        },
        "MoveToGoal.Losses.PolicyLoss.sum": {
            "value": 0.06802918733954155,
            "min": 0.029706219661198296,
            "max": 0.07221101857616707,
            "count": 22
        },
        "MoveToGoal.Losses.ValueLoss.mean": {
            "value": 0.018262174032214615,
            "min": 0.00954059046279225,
            "max": 2.093202072381973,
            "count": 22
        },
        "MoveToGoal.Losses.ValueLoss.sum": {
            "value": 0.03652434806442923,
            "min": 0.017910577625864083,
            "max": 2.093202072381973,
            "count": 22
        },
        "MoveToGoal.Policy.LearningRate.mean": {
            "value": 8.360210849659086e-06,
            "min": 8.360210849659086e-06,
            "max": 0.0002929193205420455,
            "count": 22
        },
        "MoveToGoal.Policy.LearningRate.sum": {
            "value": 1.672042169931817e-05,
            "min": 1.672042169931817e-05,
            "max": 0.0005647595572013636,
            "count": 22
        },
        "MoveToGoal.Policy.Epsilon.mean": {
            "value": 0.10278670454545455,
            "min": 0.10278670454545455,
            "max": 0.19763977272727268,
            "count": 22
        },
        "MoveToGoal.Policy.Epsilon.sum": {
            "value": 0.2055734090909091,
            "min": 0.12503931818181815,
            "max": 0.38825318181818175,
            "count": 22
        },
        "MoveToGoal.Policy.Beta.mean": {
            "value": 0.0005000000000000001,
            "min": 0.0005000000000000001,
            "max": 0.0005000000000000001,
            "count": 22
        },
        "MoveToGoal.Policy.Beta.sum": {
            "value": 0.0010000000000000002,
            "min": 0.0005000000000000001,
            "max": 0.0010000000000000002,
            "count": 22
        },
        "MoveToGoal.Policy.GAILPolicyEstimate.mean": {
            "value": 0.4503512394924959,
            "min": 0.26409456038640605,
            "max": 0.47558595306343504,
            "count": 22
        },
        "MoveToGoal.Policy.GAILPolicyEstimate.sum": {
            "value": 0.9007024789849918,
            "min": 0.4346603865424792,
            "max": 0.9511719061268701,
            "count": 22
        },
        "MoveToGoal.Policy.GAILExpertEstimate.mean": {
            "value": 0.559949051671558,
            "min": 0.5417759895324707,
            "max": 0.7563684226738082,
            "count": 22
        },
        "MoveToGoal.Policy.GAILExpertEstimate.sum": {
            "value": 1.119898103343116,
            "min": 0.5472216824690501,
            "max": 1.5127368453476164,
            "count": 22
        },
        "MoveToGoal.Losses.GAILLoss.mean": {
            "value": 1.2399544123146269,
            "min": 0.7186864467130767,
            "max": 1.3023320568932428,
            "count": 22
        },
        "MoveToGoal.Losses.GAILLoss.sum": {
            "value": 2.4799088246292538,
            "min": 1.196006339126163,
            "max": 2.6046641137864857,
            "count": 22
        },
        "MoveToGoal.Policy.GAILGradMagLoss.mean": {
            "value": 0.028351053968071936,
            "min": 0.018552914215251803,
            "max": 0.09187865429040458,
            "count": 22
        },
        "MoveToGoal.Policy.GAILGradMagLoss.sum": {
            "value": 0.05670210793614387,
            "min": 0.018552914215251803,
            "max": 0.18375730858080916,
            "count": 22
        },
        "MoveToGoal.Losses.PretrainingLoss.mean": {
            "value": 0.0,
            "min": 0.0,
            "max": 0.0,
            "count": 22
        },
        "MoveToGoal.Losses.PretrainingLoss.sum": {
            "value": 0.0,
            "min": 0.0,
            "max": 0.0,
            "count": 22
        },
        "MoveToGoal.IsTraining.mean": {
            "value": 1.0,
            "min": 1.0,
            "max": 1.0,
            "count": 22
        },
        "MoveToGoal.IsTraining.sum": {
            "value": 1.0,
            "min": 1.0,
            "max": 1.0,
            "count": 22
        }
    },
    "metadata": {
        "timer_format_version": "0.1.0",
        "start_time_seconds": "1651520981",
        "python_version": "3.7.9 (tags/v3.7.9:13c94747c7, Aug 17 2020, 18:58:18) [MSC v.1900 64 bit (AMD64)]",
        "command_line_arguments": "C:\\Users\\Bobby\\Documents\\UnityProjects\\MLAgents_Intro\\venv\\Scripts\\mlagents-learn config/foodAgent.yml --initialize-from=FoodAgentAltered_V2.1 --run-id=FoodAgentAltered_V2.11",
        "mlagents_version": "0.28.0",
        "mlagents_envs_version": "0.28.0",
        "communication_protocol_version": "1.5.0",