{
    "name": "root",
    "gauges": {
        "FlappAndSwitch.Policy.Entropy.mean": {
            "value": 1.538856863975525,
            "min": 1.5286688804626465,
            "max": 1.7041202783584595,
            "count": 50
        },
        "FlappAndSwitch.Policy.Entropy.sum": {
            "value": 2737.62646484375,
            "min": 2550.35986328125,
            "max": 3660.898193359375,
            "count": 50
        },
        "FlappAndSwitch.Environment.EpisodeLength.mean": {
            "value": 64.88888888888889,
            "min": 27.971014492753625,
            "max": 143.21428571428572,
            "count": 50
        },
        "FlappAndSwitch.Environment.EpisodeLength.sum": {
            "value": 1752.0,
            "min": 1678.0,
            "max": 2251.0,
            "count": 50
        },
        "FlappAndSwitch.Step.mean": {
            "value": 99981.0,
            "min": 1970.0,
            "max": 99981.0,
            "count": 50
        },
        "FlappAndSwitch.Step.sum": {
            "value": 99981.0,
            "min": 1970.0,
            "max": 99981.0,
            "count": 50
        },
        "FlappAndSwitch.Policy.ExtrinsicValueEstimate.mean": {
            "value": 0.6914313435554504,
            "min": 0.502389132976532,
            "max": 0.7577559351921082,
            "count": 50
        },
        "FlappAndSwitch.Policy.ExtrinsicValueEstimate.sum": {
            "value": 18.66864585876465,
            "min": 10.26230525970459,
            "max": 40.833213806152344,
            "count": 50
        },
        "FlappAndSwitch.Policy.GailValueEstimate.mean": {
            "value": -0.0003253525646869093,
            "min": -0.007327260449528694,
            "max": 0.006369074806571007,
            "count": 50
        },
        "FlappAndSwitch.Policy.GailValueEstimate.sum": {
            "value": -0.008784519508481026,
            "min": -0.21479390561580658,
            "max": 0.24647068977355957,
            "count": 50
        },
        "FlappAndSwitch.Environment.CumulativeReward.mean": {
            "value": 26.961702594050653,
            "min": 8.713746515554446,
            "max": 50.2737831388201,
            "count": 50
        },
        "FlappAndSwitch.Environment.CumulativeReward.sum": {
            "value": 727.9659700393677,
            "min": 583.8210165421478,
            "max": 840.2569532394409,
            "count": 50
        },
        "FlappAndSwitch.Policy.ExtrinsicReward.mean": {
            "value": 26.961702594050653,
            "min": 8.713746515554446,
            "max": 50.2737831388201,
            "count": 50
        },
        "FlappAndSwitch.Policy.ExtrinsicReward.sum": {
            "value": 727.9659700393677,
            "min": 583.8210165421478,
            "max": 840.2569532394409,
            "count": 50
        },
        "FlappAndSwitch.Policy.GailReward.mean": {
            "value": 0.0,
            "min": 0.0,
            "max": 0.0,
            "count": 50
        },
        "FlappAndSwitch.Policy.GailReward.sum": {
            "value": 0.0,
            "min": 0.0,
            "max": 0.0,
            "count": 50
        },
        "FlappAndSwitch.IsTraining.mean": {
            "value": 1.0,
            "min": 1.0,
            "max": 1.0,
            "count": 50
        },
        "FlappAndSwitch.IsTraining.sum": {
            "value": 1.0,
            "min": 1.0,
            "max": 1.0,
            "count": 50
        },
        "FlappAndSwitch.Losses.PolicyLoss.mean": {
            "value": 0.05338996144192707,
            "min": 0.04688285503458853,
            "max": 0.05338996144192707,
            "count": 9
        },
        "FlappAndSwitch.Losses.PolicyLoss.sum": {
            "value": 0.05338996144192707,
            "min": 0.04688285503458853,
            "max": 0.05338996144192707,
            "count": 9
        },
        "FlappAndSwitch.Losses.ValueLoss.mean": {
            "value": 0.02454333718245228,
            "min": 0.02454333718245228,
            "max": 0.04877268986569511,
            "count": 9
        },
        "FlappAndSwitch.Losses.ValueLoss.sum": {
            "value": 0.02454333718245228,
            "min": 0.02454333718245228,
            "max": 0.04877268986569511,
            "count": 9
        },
        "FlappAndSwitch.Policy.LearningRate.mean": {
            "value": 2.229609256800002e-05,
            "min": 2.229609256800002e-05,
            "max": 0.000269268010244,
            "count": 9
        },
        "FlappAndSwitch.Policy.LearningRate.sum": {
            "value": 2.229609256800002e-05,
            "min": 2.229609256800002e-05,
            "max": 0.000269268010244,
            "count": 9
        },
        "FlappAndSwitch.Policy.Epsilon.mean": {
            "value": 0.107432,
            "min": 0.107432,
            "max": 0.189756,
            "count": 9
        },
        "FlappAndSwitch.Policy.Epsilon.sum": {
            "value": 0.107432,
            "min": 0.107432,
            "max": 0.189756,
            "count": 9
        },
        "FlappAndSwitch.Policy.Beta.mean": {
            "value": 4.641680000000003e-05,
            "min": 4.641680000000003e-05,
            "max": 0.0004498044,
            "count": 9
        },
        "FlappAndSwitch.Policy.Beta.sum": {
            "value": 4.641680000000003e-05,
            "min": 4.641680000000003e-05,
            "max": 0.0004498044,
            "count": 9
        },
        "FlappAndSwitch.Policy.GAILPolicyEstimate.mean": {
            "value": 0.03663685562399526,
            "min": 0.03663685562399526,
            "max": 0.07964098279674849,
            "count": 9
        },
        "FlappAndSwitch.Policy.GAILPolicyEstimate.sum": {
            "value": 0.03663685562399526,
            "min": 0.03663685562399526,
            "max": 0.07964098279674849,
            "count": 9
        },
        "FlappAndSwitch.Policy.GAILExpertEstimate.mean": {
            "value": 0.9698496008912723,
            "min": 0.9250577030910386,
            "max": 0.9698496008912723,
            "count": 9
        },
        "FlappAndSwitch.Policy.GAILExpertEstimate.sum": {
            "value": 0.9698496008912723,
            "min": 0.9250577030910386,
            "max": 0.9698496008912723,
            "count": 9
        },
        "FlappAndSwitch.Losses.GAILLoss.mean": {
            "value": 0.06904115067380998,
            "min": 0.06904115067380998,
            "max": 0.16309274555080466,
            "count": 9
        },
        "FlappAndSwitch.Losses.GAILLoss.sum": {
            "value": 0.06904115067380998,
            "min": 0.06904115067380998,
            "max": 0.16309274555080466,
            "count": 9
        },
        "FlappAndSwitch.Policy.GAILGradMagLoss.mean": {
            "value": 0.052117067466800414,
            "min": 0.052117067466800414,
            "max": 0.11042744159284565,
            "count": 9
        },
        "FlappAndSwitch.Policy.GAILGradMagLoss.sum": {
            "value": 0.052117067466800414,
            "min": 0.052117067466800414,
            "max": 0.11042744159284565,
            "count": 9
        },
        "FlappAndSwitch.Losses.PretrainingLoss.mean": {
            "value": 0.0,
            "min": 0.0,
            "max": 0.0,
            "count": 9
        },
        "FlappAndSwitch.Losses.PretrainingLoss.sum": {
            "value": 0.0,
            "min": 0.0,
            "max": 0.0,
            "count": 9
        }
    },
    "metadata": {
        "timer_format_version": "0.1.0",
        "start_time_seconds": "1651936022",
        "python_version": "3.7.9 (tags/v3.7.9:13c94747c7, Aug 17 2020, 18:58:18) [MSC v.1900 64 bit (AMD64)]",
        "command_line_arguments": "C:\\Users\\Bobby\\Documents\\UnityProjects\\MLAgents_Intro\\venv\\Scripts\\mlagents-learn config/flappyAgent.yml --initialize-from=FlappyAgentDificulty2 --run-id=FlappyAgentDificulty1.2 --time-scale=1",
        "mlagents_version": "0.28.0",