{
    "name": "root",
    "gauges": {
        "FlappAndSwitch.Policy.Entropy.mean": {
            "value": 1.7328273057937622,
            "min": 1.7328273057937622,
            "max": 1.8557039499282837,
            "count": 21
        },
        "FlappAndSwitch.Policy.Entropy.sum": {
            "value": 117.83226013183594,
            "min": 117.83226013183594,
            "max": 7215.013671875,
            "count": 21
        },
        "FlappAndSwitch.Environment.EpisodeLength.mean": {
            "value": 2115.0,
            "min": 61.15625,
            "max": 2115.0,
            "count": 21
        },
        "FlappAndSwitch.Environment.EpisodeLength.sum": {
            "value": 2115.0,
            "min": 1409.0,
            "max": 4287.0,
            "count": 21
        },
        "FlappAndSwitch.Step.mean": {
            "value": 43939.0,
            "min": 1947.0,
            "max": 43939.0,
            "count": 21
        },
        "FlappAndSwitch.Step.sum": {
            "value": 43939.0,
            "min": 1947.0,
            "max": 43939.0,
            "count": 21
        },
        "FlappAndSwitch.Policy.ExtrinsicValueEstimate.mean": {
            "value": 0.7781162261962891,
            "min": 0.616714358329773,
            "max": 0.8129660487174988,
            "count": 21
        },
        "FlappAndSwitch.Policy.ExtrinsicValueEstimate.sum": {
            "value": 0.7781162261962891,
            "min": 0.7781162261962891,
            "max": 21.62399673461914,
            "count": 21
        },
        "FlappAndSwitch.Policy.GailValueEstimate.mean": {
            "value": -0.0035632681101560593,
            "min": -0.0035632681101560593,
            "max": 0.006806300953030586,
            "count": 21
        },
        "FlappAndSwitch.Policy.GailValueEstimate.sum": {
            "value": -0.0035632681101560593,
            "min": -0.01776573807001114,
            "max": 0.14453580975532532,
            "count": 21
        },
        "FlappAndSwitch.Environment.CumulativeReward.mean": {
            "value": 344.53163655598956,
            "min": 23.564391689641134,
            "max": 399.0009460449219,
            "count": 20
        },
        "FlappAndSwitch.Environment.CumulativeReward.sum": {
            "value": 1033.5949096679688,
            "min": 399.0009460449219,
            "max": 1291.2519187927246,
            "count": 20
        },
        "FlappAndSwitch.Policy.ExtrinsicReward.mean": {
            "value": 344.53163655598956,
            "min": 23.564391689641134,
            "max": 399.0009460449219,
            "count": 20
        },
        "FlappAndSwitch.Policy.ExtrinsicReward.sum": {
            "value": 1033.5949096679688,
            "min": 399.0009460449219,
            "max": 1291.2519187927246,
            "count": 20
        },
        "FlappAndSwitch.Policy.GailReward.mean": {
            "value": 0.0,
            "min": 0.0,
            "max": 0.0,
            "count": 20
        },
        "FlappAndSwitch.Policy.GailReward.sum": {
            "value": 0.0,
            "min": 0.0,
            "max": 0.0,
            "count": 20
        },
        "FlappAndSwitch.IsTraining.mean": {
            "value": 1.0,
            "min": 1.0,
            "max": 1.0,
            "count": 21
        },
        "FlappAndSwitch.IsTraining.sum": {
            "value": 1.0,
            "min": 1.0,
            "max": 1.0,
            "count": 21
        },
        "FlappAndSwitch.Losses.PolicyLoss.mean": {
            "value": 0.04728391985951001,
            "min": 0.04447535737288288,
            "max": 0.04883455012071257,
            "count": 4
        },
        "FlappAndSwitch.Losses.PolicyLoss.sum": {
            "value": 0.04728391985951001,
            "min": 0.04447535737288288,
            "max": 0.04883455012071257,
            "count": 4
        },
        "FlappAndSwitch.Losses.ValueLoss.mean": {
            "value": 0.012958080963620906,
            "min": 0.011826221079617324,
            "max": 0.038367643957543704,
            "count": 4
        },
        "FlappAndSwitch.Losses.ValueLoss.sum": {
            "value": 0.012958080963620906,
            "min": 0.011826221079617324,
            "max": 0.038367643957543704,
            "count": 4
        },
        "FlappAndSwitch.Policy.LearningRate.mean": {
            "value": 0.0002714379640661363,
            "min": 0.0002714379640661363,
            "max": 0.00029292682053954543,
            "count": 4
        },
        "FlappAndSwitch.Policy.LearningRate.sum": {
            "value": 0.0002714379640661363,
            "min": 0.0002714379640661363,
            "max": 0.00029292682053954543,
            "count": 4
        },
        "FlappAndSwitch.Policy.Epsilon.mean": {
            "value": 0.19047931818181812,
            "min": 0.19047931818181812,
            "max": 0.19764227272727275,
            "count": 4
        },
        "FlappAndSwitch.Policy.Epsilon.sum": {
            "value": 0.19047931818181812,
            "min": 0.19047931818181812,
            "max": 0.19764227272727275,
            "count": 4
        },
        "FlappAndSwitch.Policy.Beta.mean": {
            "value": 0.0004533486590909089,
            "min": 0.0004533486590909089,
            "max": 0.0004884471363636362,
            "count": 4
        },
        "FlappAndSwitch.Policy.Beta.sum": {
            "value": 0.0004533486590909089,
            "min": 0.0004533486590909089,
            "max": 0.0004884471363636362,
            "count": 4
        },
        "FlappAndSwitch.Policy.GAILPolicyEstimate.mean": {
            "value": 0.09966167882479057,
            "min": 0.09966167882479057,
            "max": 0.11209889132943418,
            "count": 4
        },
        "FlappAndSwitch.Policy.GAILPolicyEstimate.sum": {
            "value": 0.09966167882479057,
            "min": 0.09966167882479057,
            "max": 0.11209889132943418,
            "count": 4
        },
        "FlappAndSwitch.Policy.GAILExpertEstimate.mean": {
            "value": 0.9045878095286233,
            "min": 0.8959290981292725,
            "max": 0.9045878095286233,
            "count": 4
        },
        "FlappAndSwitch.Policy.GAILExpertEstimate.sum": {
            "value": 0.9045878095286233,
            "min": 0.8959290981292725,
            "max": 0.9045878095286233,
            "count": 4
        },
        "FlappAndSwitch.Losses.GAILLoss.mean": {
            "value": 0.20754247095692094,
            "min": 0.20754247095692094,
            "max": 0.23191935424175528,
            "count": 4
        },
        "FlappAndSwitch.Losses.GAILLoss.sum": {
            "value": 0.20754247095692094,
            "min": 0.20754247095692094,
            "max": 0.23191935424175528,
            "count": 4
        },
        "FlappAndSwitch.Policy.GAILGradMagLoss.mean": {
            "value": 0.12718766214197905,
            "min": 0.12718766214197905,
            "max": 0.13885474881778162,
            "count": 4
        },
        "FlappAndSwitch.Policy.GAILGradMagLoss.sum": {
            "value": 0.12718766214197905,
            "min": 0.12718766214197905,
            "max": 0.13885474881778162,
            "count": 4
        },
        "FlappAndSwitch.Losses.PretrainingLoss.mean": {
            "value": 0.0,
            "min": 0.0,
            "max": 0.0,
            "count": 4
        },
        "FlappAndSwitch.Losses.PretrainingLoss.sum": {
            "value": 0.0,
            "min": 0.0,
            "max": 0.0,
            "count": 4
        }
    },
    "metadata": {
        "timer_format_version": "0.1.0",
        "start_time_seconds": "1651931353",
        "python_version": "3.7.9 (tags/v3.7.9:13c94747c7, Aug 17 2020, 18:58:18) [MSC v.1900 64 bit (AMD64)]",