{
    "name": "root",
    "gauges": {
        "Dodge.Policy.Entropy.mean": {
            "value": 0.4803787171840668,
            "min": 0.21372374892234802,
            "max": 1.309696078300476,
            "count": 405
        },
        "Dodge.Policy.Entropy.sum": {
            "value": 951.1498413085938,
            "min": 397.52618408203125,
            "max": 3771.9248046875,
            "count": 405
        },
        "Dodge.Environment.EpisodeLength.mean": {
            "value": 46.11904761904762,
            "min": 16.06779661016949,
            "max": 60.36363636363637,
            "count": 405
        },
        "Dodge.Environment.EpisodeLength.sum": {
            "value": 1937.0,
            "min": 1805.0,
            "max": 2092.0,
            "count": 405
        },
        "Dodge.Step.mean": {
            "value": 809974.0,
            "min": 1955.0,
            "max": 809974.0,
            "count": 405
        },
        "Dodge.Step.sum": {
            "value": 809974.0,
            "min": 1955.0,
            "max": 809974.0,
            "count": 405
        },
        "Dodge.Policy.ExtrinsicValueEstimate.mean": {
            "value": 0.02378263883292675,
            "min": -46.57914733886719,
            "max": 0.15078021585941315,
            "count": 405
        },
        "Dodge.Policy.ExtrinsicValueEstimate.sum": {
            "value": 0.998870849609375,
            "min": -1826.1348876953125,
            "max": 6.6838579177856445,
            "count": 405
        },
        "Dodge.Policy.GailValueEstimate.mean": {
            "value": 0.6171859502792358,
            "min": -2.7989296913146973,
            "max": 1.2256125211715698,
            "count": 405
        },
        "Dodge.Policy.GailValueEstimate.sum": {
            "value": 25.921810150146484,
            "min": -124.94744110107422,
            "max": 132.35301208496094,
            "count": 405
        },
        "Dodge.Environment.CumulativeReward.mean": {
            "value": -0.07285725715614501,
            "min": -0.6789830544237363,
            "max": 0.20909073316689694,
            "count": 405
        },
        "Dodge.Environment.CumulativeReward.sum": {
            "value": -3.06000480055809,
            "min": -80.12000042200089,
            "max": 6.899994194507599,
            "count": 405
        },
        "Dodge.Policy.ExtrinsicReward.mean": {
            "value": -0.007285713173803829,
            "min": -0.06789830506984461,
            "max": 0.02090909919052413,
            "count": 405
        },
        "Dodge.Policy.ExtrinsicReward.sum": {
            "value": -0.3059999532997608,
            "min": -8.011999998241663,
            "max": 0.6900002732872963,
            "count": 405
        },
        "Dodge.Policy.GailReward.mean": {
            "value": 7.560961790028072,
            "min": 2.957192932163273,
            "max": 12.471386011053877,
            "count": 405
        },
        "Dodge.Policy.GailReward.sum": {
            "value": 317.56039518117905,
            "min": 144.93027222063392,
            "max": 738.4930872917175,
            "count": 405
        },
        "Dodge.IsTraining.mean": {
            "value": 1.0,
            "min": 1.0,
            "max": 1.0,
            "count": 405
        },
        "Dodge.IsTraining.sum": {
            "value": 1.0,
            "min": 1.0,
            "max": 1.0,
            "count": 405
        },
        "Dodge.Losses.PolicyLoss.mean": {
            "value": 0.03567112816704644,
            "min": 0.028300504046233577,
            "max": 0.042507786681461664,
            "count": 78
        },
        "Dodge.Losses.PolicyLoss.sum": {
            "value": 0.03567112816704644,
            "min": 0.028300504046233577,
            "max": 0.042507786681461664,
            "count": 78
        },
        "Dodge.Losses.ValueLoss.mean": {
            "value": 0.05089918287057016,
            "min": 0.03564240641684996,
            "max": 26.606717828247284,
            "count": 78
        },
        "Dodge.Losses.ValueLoss.sum": {
            "value": 0.05089918287057016,
            "min": 0.03564240641684996,
            "max": 26.606717828247284,
            "count": 78
        },
        "Dodge.Policy.LearningRate.mean": {
            "value": 0.00024538726820425006,
            "min": 0.00024538726820425006,
            "max": 0.0002993007956876136,
            "count": 78
        },
        "Dodge.Policy.LearningRate.sum": {
            "value": 0.00024538726820425006,
            "min": 0.00024538726820425006,
            "max": 0.0002993007956876136,
            "count": 78
        },
        "Dodge.Policy.Epsilon.mean": {
            "value": 0.18179575,
            "min": 0.18179575,
            "max": 0.1997669318181818,
            "count": 78
        },
        "Dodge.Policy.Epsilon.sum": {
            "value": 0.18179575,
            "min": 0.18179575,
            "max": 0.1997669318181818,
            "count": 78
        },
        "Dodge.Policy.Beta.mean": {
            "value": 0.0004107991749999999,
            "min": 0.0004107991749999999,
            "max": 0.0004988579659090908,
            "count": 78
        },
        "Dodge.Policy.Beta.sum": {
            "value": 0.0004107991749999999,
            "min": 0.0004107991749999999,
            "max": 0.0004988579659090908,
            "count": 78
        },
        "Dodge.Policy.GAILPolicyEstimate.mean": {
            "value": 0.20620781266027027,
            "min": 0.20620781266027027,
            "max": 0.35808581105536885,
            "count": 78
        },
        "Dodge.Policy.GAILPolicyEstimate.sum": {
            "value": 0.20620781266027027,
            "min": 0.20620781266027027,
            "max": 0.35808581105536885,
            "count": 78
        },
        "Dodge.Policy.GAILExpertEstimate.mean": {
            "value": 0.9261024180385802,
            "min": 0.7941267154282994,
            "max": 0.9364656805992126,
            "count": 78
        },
        "Dodge.Policy.GAILExpertEstimate.sum": {
            "value": 0.9261024180385802,
            "min": 0.7941267154282994,
            "max": 0.9364656805992126,
            "count": 78
        },
        "Dodge.Losses.GAILLoss.mean": {
            "value": 0.3647102642390463,
            "min": 0.3647102642390463,
            "max": 0.7253450569179323,
            "count": 78
        },
        "Dodge.Losses.GAILLoss.sum": {
            "value": 0.3647102642390463,
            "min": 0.3647102642390463,
            "max": 0.7253450569179323,
            "count": 78
        },
        "Dodge.Policy.GAILGradMagLoss.mean": {
            "value": 0.20612036974893677,
            "min": 0.20520379336343872,
            "max": 5.4731485042307115,
            "count": 78
        },
        "Dodge.Policy.GAILGradMagLoss.sum": {
            "value": 0.20612036974893677,
            "min": 0.20520379336343872,
            "max": 5.4731485042307115,
            "count": 78
        },
        "Dodge.Losses.PretrainingLoss.mean": {
            "value": 0.7224856654802958,
            "min": 0.7224856654802958,
            "max": 0.9052037159601848,
            "count": 78
        },
        "Dodge.Losses.PretrainingLoss.sum": {
            "value": 0.7224856654802958,
            "min": 0.7224856654802958,
            "max": 0.9052037159601848,
            "count": 78
        }
    },
    "metadata": {
        "timer_format_version": "0.1.0",
        "start_time_seconds": "1652636140",
        "python_version": "3.7.9 (tags/v3.7.9:13c94747c7, Aug 17 2020, 18:58:18) [MSC v.1900 64 bit (AMD64)]",
        "command_line_arguments": "C:\\Users\\Bobby\\Documents\\UnityProjects\\MLAgents_Intro\\venv\\Scripts\\mlagents-learn config/dodgeAgent.yml --run-id=DodgeAgentBulletsBC5",
        "mlagents_version": "0.28.0",
        "mlagents_envs_version": "0.28.0",
        "communication_protocol_version": "1.5.0",
        "pytorch_version": "1.7.1+cu110",