{
    "name": "root",
    "gauges": {
        "Strategy.Policy.Entropy.mean": {
            "value": 0.0055592902936041355,
            "min": 0.005542102735489607,
            "max": 1.0972505807876587,
            "count": 71
        },
        "Strategy.Policy.Entropy.sum": {
            "value": 11.11858081817627,
            "min": 11.084205627441406,
            "max": 2249.36376953125,
            "count": 71
        },
        "Strategy.Environment.EpisodeLength.mean": {
            "value": 0.0,
            "min": 0.0,
            "max": 0.0,
            "count": 71
        },
        "Strategy.Environment.EpisodeLength.sum": {
            "value": 0.0,
            "min": 0.0,
            "max": 0.0,
            "count": 71
        },
        "Strategy.Step.mean": {
            "value": 141999.0,
            "min": 1999.0,
            "max": 141999.0,
            "count": 71
        },
        "Strategy.Step.sum": {
            "value": 141999.0,
            "min": 1999.0,
            "max": 141999.0,
            "count": 71
        },
        "Strategy.Policy.ExtrinsicValueEstimate.mean": {
            "value": 0.9992051720619202,
            "min": -0.8194641470909119,
            "max": 0.9992127418518066,
            "count": 71
        },
        "Strategy.Policy.ExtrinsicValueEstimate.sum": {
            "value": 1998.410400390625,
            "min": -1638.9283447265625,
            "max": 1998.425537109375,
            "count": 71
        },
        "Strategy.Environment.CumulativeReward.mean": {
            "value": 1.0,
            "min": 0.01595000046864152,
            "max": 1.0,
            "count": 71
        },
        "Strategy.Environment.CumulativeReward.sum": {
            "value": 2000.0,
            "min": 31.90000093728304,
            "max": 2000.0,
            "count": 71
        },
        "Strategy.Policy.ExtrinsicReward.mean": {
            "value": 1.0,
            "min": 0.01595000046864152,
            "max": 1.0,
            "count": 71
        },
        "Strategy.Policy.ExtrinsicReward.sum": {
            "value": 2000.0,
            "min": 31.90000093728304,
            "max": 2000.0,
            "count": 71
        },
        "Strategy.IsTraining.mean": {
            "value": 1.0,
            "min": 1.0,
            "max": 1.0,
            "count": 71
        },
        "Strategy.IsTraining.sum": {
            "value": 1.0,
            "min": 1.0,
            "max": 1.0,
            "count": 71
        },
        "Strategy.Losses.PolicyLoss.mean": {
            "value": 0.031187317427247764,
            "min": 0.027256464042390387,
            "max": 0.12246353700757026,
            "count": 13
        },
        "Strategy.Losses.PolicyLoss.sum": {
            "value": 0.031187317427247764,
            "min": 0.027256464042390387,
            "max": 0.12246353700757026,
            "count": 13
        },
        "Strategy.Losses.ValueLoss.mean": {
            "value": 0.003754126989804263,
            "min": 0.0036124757260419453,
            "max": 0.7594588945309321,
            "count": 13
        },
        "Strategy.Losses.ValueLoss.sum": {
            "value": 0.003754126989804263,
            "min": 0.0036124757260419453,
            "max": 0.7594588945309321,
            "count": 13
        },
        "Strategy.Policy.LearningRate.mean": {
            "value": 0.00029909073439399783,
            "min": 0.00029909073439399783,
            "max": 0.000299930113659659,
            "count": 13
        },
        "Strategy.Policy.LearningRate.sum": {
            "value": 0.00029909073439399783,
            "min": 0.00029909073439399783,
            "max": 0.000299930113659659,
            "count": 13
        },
        "Strategy.Policy.Epsilon.mean": {
            "value": 0.1996969113636364,
            "min": 0.1996969113636364,
            "max": 0.19997670454545452,
            "count": 13
        },
        "Strategy.Policy.Epsilon.sum": {
            "value": 0.1996969113636364,
            "min": 0.1996969113636364,
            "max": 0.19997670454545452,
            "count": 13
        },
        "Strategy.Policy.Beta.mean": {
            "value": 0.0005,
            "min": 0.0005,
            "max": 0.0005,
            "count": 13
        },
        "Strategy.Policy.Beta.sum": {
            "value": 0.0005,
            "min": 0.0005,
            "max": 0.0005,
            "count": 13
        }
    },
    "metadata": {
        "timer_format_version": "0.1.0",
        "start_time_seconds": "1653231046",
        "python_version": "3.7.9 (tags/v3.7.9:13c94747c7, Aug 17 2020, 18:58:18) [MSC v.1900 64 bit (AMD64)]",
        "command_line_arguments": "C:\\Users\\Bobby\\Documents\\UnityProjects\\MLAgents_Intro\\venv\\Scripts\\mlagents-learn config/rockPaperScissorsAgent.yml --run-id=RockPaperScissors4_50_Duplicates2",
        "mlagents_version": "0.28.0",
        "mlagents_envs_version": "0.28.0",
        "communication_protocol_version": "1.5.0",
        "pytorch_version": "1.7.1+cu110",
        "numpy_version": "1.21.5",
        "end_time_seconds": "1653231280"
    },
    "total": 234.1349347,
    "count": 1,
    "self": 0.0029494999999997162,
    "children": {
        "run_training.setup": {
            "total": 0.08585209999999999,
            "count": 1,
            "self": 0.08585209999999999
        },
        "TrainerController.start_learning": {
            "total": 234.0461331,
            "count": 1,
            "self": 0.06339840000015329,
            "children": {
                "TrainerController._reset_env": {
                    "total": 5.0851294,
                    "count": 1,
                    "self": 5.0851294
                },
                "TrainerController.advance": {
                    "total": 228.84826419999985,
                    "count": 2867,
                    "self": 0.0342996999996501,
                    "children": {
                        "env_step": {
                            "total": 228.8139645000002,
                            "count": 2867,
                            "self": 218.29643250000018,
                            "children": {
                                "SubprocessEnvManager._take_step": {
                                    "total": 10.489884500000105,
                                    "count": 2867,
                                    "self": 0.15275609999906514,
                                    "children": {
                                        "TorchPolicy.evaluate": {
                                            "total": 10.33712840000104,
                                            "count": 2867,
                                            "self": 3.495957800000859,
                                            "children": {
                                                "TorchPolicy.sample_actions": {
                                                    "total": 6.841170600000181,
                                                    "count": 2867,
                                                    "self": 6.841170600000181
                                                }
                                            }
                                        }
                                    }
                                },
                                "workers": {
                                    "total": 0.02764749999989924,
                                    "count": 2866,
                                    "self": 0.0,
                                    "children": {
                                        "worker_root": {
                                            "total": 225.2288250000001,
                                            "count": 2866,
                                            "is_parallel": true,
                                            "self": 214.61007589999923,