{
    "name": "root",
    "gauges": {
        "MoveToGoal.Policy.Entropy.mean": {
            "value": 1.8830125331878662,
            "min": 1.851421594619751,
            "max": 2.1470887660980225,
            "count": 22
        },
        "MoveToGoal.Policy.Entropy.sum": {
            "value": 37283.6484375,
            "min": 35877.328125,
            "max": 43156.484375,
            "count": 22
        },
        "MoveToGoal.Step.mean": {
            "value": 439959.0,
            "min": 19986.0,
            "max": 439959.0,
            "count": 22
        },
        "MoveToGoal.Step.sum": {
            "value": 439959.0,
            "min": 19986.0,
            "max": 439959.0,
            "count": 22
        },
        "MoveToGoal.Policy.ExtrinsicValueEstimate.mean": {
            "value": 0.24325664341449738,
            "min": 0.13006798923015594,
            "max": 0.3644630014896393,
            "count": 22
        },
        "MoveToGoal.Policy.ExtrinsicValueEstimate.sum": {
            "value": 88.7886734008789,
            "min": 45.52379608154297,
            "max": 125.01081085205078,
            "count": 22
        },
        "MoveToGoal.Policy.GailValueEstimate.mean": {
            "value": -0.0009195085149258375,
            "min": -0.007387350779026747,
            "max": 3.6797430515289307,
            "count": 22
        },
        "MoveToGoal.Policy.GailValueEstimate.sum": {
            "value": -0.33562061190605164,
            "min": -2.696382999420166,
            "max": 1262.15185546875,
            "count": 22
        },
        "MoveToGoal.Environment.EpisodeLength.mean": {
            "value": 170.02542372881356,
            "min": 159.4308943089431,
            "max": 277.81538461538463,
            "count": 22
        },
        "MoveToGoal.Environment.EpisodeLength.sum": {
            "value": 20063.0,
            "min": 15629.0,
            "max": 22499.0,
            "count": 22
        },
        "MoveToGoal.Environment.CumulativeReward.mean": {
            "value": 1.8205001146169537,
            "min": 1.6738851209567196,
            "max": 1.839569219910517,
            "count": 22
        },
        "MoveToGoal.Environment.CumulativeReward.sum": {
            "value": 214.81901352480054,
            "min": 108.87700406089425,
            "max": 231.50901456549764,
            "count": 22
        },
        "MoveToGoal.Policy.ExtrinsicReward.mean": {
            "value": 1.8205001146169537,
            "min": 1.6738851209567196,
            "max": 1.839569219910517,
            "count": 22
        },
        "MoveToGoal.Policy.ExtrinsicReward.sum": {
            "value": 214.81901352480054,
            "min": 108.87700406089425,
            "max": 231.50901456549764,
            "count": 22
        },
        "MoveToGoal.Policy.GailReward.mean": {
            "value": 0.0,
            "min": 0.0,
            "max": 0.0,
            "count": 22
        },
        "MoveToGoal.Policy.GailReward.sum": {
            "value": 0.0,
            "min": 0.0,
            "max": 0.0,
            "count": 22
        },
        "MoveToGoal.Losses.PolicyLoss.mean": {
            "value": 0.037107680224916194,
            "min": 0.03138619822542145,
            "max": 0.03794100648879571,
            "count": 22
        },
        "MoveToGoal.Losses.PolicyLoss.sum": {
            "value": 0.07421536044983239,
            "min": 0.032756885756841964,
            "max": 0.07588201297759142,
            "count": 22
        },
        "MoveToGoal.Losses.ValueLoss.mean": {
            "value": 0.011592583194012858,
            "min": 0.011592583194012858,
            "max": 0.29784845999545523,
            "count": 22
        },
        "MoveToGoal.Losses.ValueLoss.sum": {
            "value": 0.023185166388025716,
            "min": 0.013634524064966375,
            "max": 0.29784845999545523,
            "count": 22
        },
        "MoveToGoal.Policy.LearningRate.mean": {
            "value": 9.282710542159083e-06,
            "min": 9.282710542159083e-06,
            "max": 0.00029300454778636355,
            "count": 22
        },
        "MoveToGoal.Policy.LearningRate.sum": {
            "value": 1.8565421084318167e-05,
            "min": 1.8565421084318167e-05,
            "max": 0.0005649211480565908,
            "count": 22
        },
        "MoveToGoal.Policy.Epsilon.mean": {
            "value": 0.10309420454545458,
            "min": 0.10309420454545458,
            "max": 0.19766818181818177,
            "count": 22
        },
        "MoveToGoal.Policy.Epsilon.sum": {
            "value": 0.20618840909090916,
            "min": 0.11592204545454547,
            "max": 0.3883070454545454,
            "count": 22
        },
        "MoveToGoal.Policy.Beta.mean": {
            "value": 0.0005000000000000001,
            "min": 0.0005000000000000001,
            "max": 0.0005000000000000001,
            "count": 22
        },
        "MoveToGoal.Policy.Beta.sum": {
            "value": 0.0010000000000000002,
            "min": 0.0005000000000000001,
            "max": 0.0010000000000000002,
            "count": 22
        },
        "MoveToGoal.Policy.GAILPolicyEstimate.mean": {
            "value": 0.40212817812959356,
            "min": 0.40212817812959356,
            "max": 0.4654728857179483,
            "count": 22
        },
        "MoveToGoal.Policy.GAILPolicyEstimate.sum": {
            "value": 0.8042563562591871,
            "min": 0.42432774537139467,
            "max": 0.9309457714358966,
            "count": 22
        },
        "MoveToGoal.Policy.GAILExpertEstimate.mean": {
            "value": 0.6007045611739159,
            "min": 0.5370074649651846,
            "max": 0.6007045611739159,
            "count": 22
        },
        "MoveToGoal.Policy.GAILExpertEstimate.sum": {
            "value": 1.2014091223478318,
            "min": 0.5381895605060789,
            "max": 1.2014091223478318,
            "count": 22
        },
        "MoveToGoal.Losses.GAILLoss.mean": {
            "value": 1.0943700396352343,
            "min": 1.0943700396352343,
            "max": 1.2900126980410682,
            "count": 22
        },
        "MoveToGoal.Losses.GAILLoss.sum": {
            "value": 2.1887400792704685,
            "min": 1.1672181639406416,
            "max": 2.545402020215988,
            "count": 22
        },
        "MoveToGoal.Policy.GAILGradMagLoss.mean": {
            "value": 0.02922926901632713,
            "min": 0.01104784632463836,
            "max": 0.06478241852277683,
            "count": 22
        },
        "MoveToGoal.Policy.GAILGradMagLoss.sum": {
            "value": 0.05845853803265426,
            "min": 0.01104784632463836,
            "max": 0.12956483704555366,
            "count": 22
        },
        "MoveToGoal.Losses.PretrainingLoss.mean": {
            "value": 0.0,
            "min": 0.0,
            "max": 0.0,
            "count": 22
        },
        "MoveToGoal.Losses.PretrainingLoss.sum": {
            "value": 0.0,
            "min": 0.0,
            "max": 0.0,
            "count": 22
        },
        "MoveToGoal.IsTraining.mean": {
            "value": 1.0,
            "min": 1.0,
            "max": 1.0,
            "count": 22
        },
        "MoveToGoal.IsTraining.sum": {
            "value": 1.0,
            "min": 1.0,
            "max": 1.0,
            "count": 22
        }
    },
    "metadata": {
        "timer_format_version": "0.1.0",
        "start_time_seconds": "1651521913",
        "python_version": "3.7.9 (tags/v3.7.9:13c94747c7, Aug 17 2020, 18:58:18) [MSC v.1900 64 bit (AMD64)]",
        "command_line_arguments": "C:\\Users\\Bobby\\Documents\\UnityProjects\\MLAgents_Intro\\venv\\Scripts\\mlagents-learn config/foodAgent.yml --initialize-from=FoodAgentAltered2 --run-id=FoodAgentAltered_V2.1136",
        "mlagents_version": "0.28.0",
        "mlagents_envs_version": "0.28.0",
        "communication_protocol_version": "1.5.0",