{
    "name": "root",
    "gauges": {
        "Dodge.Policy.Entropy.mean": {
            "value": 1.2282286882400513,
            "min": 0.8860141038894653,
            "max": 1.3187075853347778,
            "count": 256
        },
        "Dodge.Policy.Entropy.sum": {
            "value": 2616.127197265625,
            "min": 1607.331787109375,
            "max": 3659.322998046875,
            "count": 256
        },
        "Dodge.Environment.EpisodeLength.mean": {
            "value": 51.31578947368421,
            "min": 38.69230769230769,
            "max": 69.86206896551724,
            "count": 256
        },
        "Dodge.Environment.EpisodeLength.sum": {
            "value": 1950.0,
            "min": 1820.0,
            "max": 2070.0,
            "count": 256
        },
        "Dodge.Step.mean": {
            "value": 511900.0,
            "min": 1991.0,
            "max": 511900.0,
            "count": 256
        },
        "Dodge.Step.sum": {
            "value": 511900.0,
            "min": 1991.0,
            "max": 511900.0,
            "count": 256
        },
        "Dodge.Policy.ExtrinsicValueEstimate.mean": {
            "value": 0.7813123464584351,
            "min": 0.50824373960495,
            "max": 3.0503904819488525,
            "count": 256
        },
        "Dodge.Policy.ExtrinsicValueEstimate.sum": {
            "value": 29.689868927001953,
            "min": 16.782379150390625,
            "max": 147.5027618408203,
            "count": 256
        },
        "Dodge.Environment.CumulativeReward.mean": {
            "value": 9.078947962898956,
            "min": 6.80000000257118,
            "max": 12.628573025975909,
            "count": 256
        },
        "Dodge.Environment.CumulativeReward.sum": {
            "value": 345.00002259016037,
            "min": 333.2000118494034,
            "max": 372.00005054473877,
            "count": 256
        },
        "Dodge.Policy.ExtrinsicReward.mean": {
            "value": 9.078947962898956,
            "min": 6.80000000257118,
            "max": 12.628573025975909,
            "count": 256
        },
        "Dodge.Policy.ExtrinsicReward.sum": {
            "value": 345.00002259016037,
            "min": 333.2000118494034,
            "max": 372.00005054473877,
            "count": 256
        },
        "Dodge.IsTraining.mean": {
            "value": 1.0,
            "min": 1.0,
            "max": 1.0,
            "count": 256
        },
        "Dodge.IsTraining.sum": {
            "value": 1.0,
            "min": 1.0,
            "max": 1.0,
            "count": 256
        },
        "Dodge.Losses.PolicyLoss.mean": {
            "value": 0.03280386098453568,
            "min": 0.02996559756445802,
            "max": 0.037967036553244626,
            "count": 49
        },
        "Dodge.Losses.PolicyLoss.sum": {
            "value": 0.03280386098453568,
            "min": 0.02996559756445802,
            "max": 0.037967036553244626,
            "count": 49
        },
        "Dodge.Losses.ValueLoss.mean": {
            "value": 0.15460107396874162,
            "min": 0.11897110115322802,
            "max": 0.7553389584024747,
            "count": 49
        },
        "Dodge.Losses.ValueLoss.sum": {
            "value": 0.15460107396874162,
            "min": 0.11897110115322802,
            "max": 0.7553389584024747,
            "count": 49
        },
        "Dodge.Policy.LearningRate.mean": {
            "value": 0.00026565417053952276,
            "min": 0.00026565417053952276,
            "max": 0.0002992996365970909,
            "count": 49
        },
        "Dodge.Policy.LearningRate.sum": {
            "value": 0.00026565417053952276,
            "min": 0.00026565417053952276,
            "max": 0.0002992996365970909,
            "count": 49
        },
        "Dodge.Policy.Epsilon.mean": {
            "value": 0.1885513863636363,
            "min": 0.1885513863636363,
            "max": 0.19976654545454542,
            "count": 49
        },
        "Dodge.Policy.Epsilon.sum": {
            "value": 0.1885513863636363,
            "min": 0.1885513863636363,
            "max": 0.19976654545454542,
            "count": 49
        },
        "Dodge.Policy.Beta.mean": {
            "value": 0.000443901793181818,
            "min": 0.000443901793181818,
            "max": 0.0004988560727272728,
            "count": 49
        },
        "Dodge.Policy.Beta.sum": {
            "value": 0.000443901793181818,
            "min": 0.000443901793181818,
            "max": 0.0004988560727272728,
            "count": 49
        }
    },
    "metadata": {
        "timer_format_version": "0.1.0",
        "start_time_seconds": "1652637290",
        "python_version": "3.7.9 (tags/v3.7.9:13c94747c7, Aug 17 2020, 18:58:18) [MSC v.1900 64 bit (AMD64)]",
        "command_line_arguments": "C:\\Users\\Bobby\\Documents\\UnityProjects\\MLAgents_Intro\\venv\\Scripts\\mlagents-learn config/dodgeAgent.yml --run-id=DodgeAgentBulletsTest",
        "mlagents_version": "0.28.0",
        "mlagents_envs_version": "0.28.0",
        "communication_protocol_version": "1.5.0",
        "pytorch_version": "1.7.1+cu110",
        "numpy_version": "1.21.5",
        "end_time_seconds": "1652637864"
    },
    "total": 573.6851345,
    "count": 1,
    "self": 0.00589490000004389,
    "children": {
        "run_training.setup": {
            "total": 0.08773349999999991,
            "count": 1,
            "self": 0.08773349999999991
        },
        "TrainerController.start_learning": {
            "total": 573.5915061,
            "count": 1,
            "self": 0.46092389999876104,
            "children": {
                "TrainerController._reset_env": {
                    "total": 5.632208199999999,
                    "count": 1,
                    "self": 5.632208199999999
                },
                "TrainerController.advance": {
                    "total": 567.4211129000012,
                    "count": 24658,
                    "self": 0.45165689999544156,
                    "children": {
                        "env_step": {
                            "total": 275.3897765000039,
                            "count": 24658,
                            "self": 225.23265590000065,
                            "children": {
                                "SubprocessEnvManager._take_step": {
                                    "total": 49.88868360000487,
                                    "count": 24658,
                                    "self": 1.0700284000083116,
                                    "children": {
                                        "TorchPolicy.evaluate": {
                                            "total": 48.818655199996556,
                                            "count": 17167,
                                            "self": 16.603467399999154,
                                            "children": {
                                                "TorchPolicy.sample_actions": {
                                                    "total": 32.2151877999974,
                                                    "count": 17167,
                                                    "self": 32.2151877999974
                                                }
                                            }
                                        }
                                    }
                                },
                                "workers": {
                                    "total": 0.26843699999838133,
                                    "count": 24657,
                                    "self": 0.0,
                                    "children": {
                                        "worker_root": {
                                            "total": 507.13706390000004,
                                            "count": 24657,
                                            "is_parallel": true,