{
    "name": "root",
    "gauges": {
        "FlappAndSwitch.Policy.Entropy.mean": {
            "value": 1.3709226846694946,
            "min": 1.365525484085083,
            "max": 1.4383598566055298,
            "count": 50
        },
        "FlappAndSwitch.Policy.Entropy.sum": {
            "value": 4148.412109375,
            "min": 562.2313842773438,
            "max": 5324.8818359375,
            "count": 50
        },
        "FlappAndSwitch.Environment.EpisodeLength.mean": {
            "value": 488.0,
            "min": 104.15789473684211,
            "max": 2237.5,
            "count": 50
        },
        "FlappAndSwitch.Environment.EpisodeLength.sum": {
            "value": 976.0,
            "min": 561.0,
            "max": 4475.0,
            "count": 50
        },
        "FlappAndSwitch.Step.mean": {
            "value": 99484.0,
            "min": 1888.0,
            "max": 99484.0,
            "count": 50
        },
        "FlappAndSwitch.Step.sum": {
            "value": 99484.0,
            "min": 1888.0,
            "max": 99484.0,
            "count": 50
        },
        "FlappAndSwitch.Policy.ExtrinsicValueEstimate.mean": {
            "value": 0.47066131234169006,
            "min": 0.11456427723169327,
            "max": 0.5214165449142456,
            "count": 50
        },
        "FlappAndSwitch.Policy.ExtrinsicValueEstimate.sum": {
            "value": 1.4119839668273926,
            "min": 0.27445441484451294,
            "max": 5.07769250869751,
            "count": 50
        },
        "FlappAndSwitch.Policy.GailValueEstimate.mean": {
            "value": 0.0005444150301627815,
            "min": -0.004418699070811272,
            "max": 0.029962405562400818,
            "count": 50
        },
        "FlappAndSwitch.Policy.GailValueEstimate.sum": {
            "value": 0.0016332450322806835,
            "min": -0.017009196802973747,
            "max": 0.5134739279747009,
            "count": 50
        },
        "FlappAndSwitch.Environment.CumulativeReward.mean": {
            "value": 67.02066898345947,
            "min": 8.157422106909124,
            "max": 304.0289764404297,
            "count": 50
        },
        "FlappAndSwitch.Environment.CumulativeReward.sum": {
            "value": 201.06200695037842,
            "min": 45.47599792480469,
            "max": 313.19001388549805,
            "count": 50
        },
        "FlappAndSwitch.Policy.ExtrinsicReward.mean": {
            "value": 67.02066898345947,
            "min": 8.157422106909124,
            "max": 304.0289764404297,
            "count": 50
        },
        "FlappAndSwitch.Policy.ExtrinsicReward.sum": {
            "value": 201.06200695037842,
            "min": 45.47599792480469,
            "max": 313.19001388549805,
            "count": 50
        },
        "FlappAndSwitch.Policy.GailReward.mean": {
            "value": 0.0,
            "min": 0.0,
            "max": 0.0,
            "count": 50
        },
        "FlappAndSwitch.Policy.GailReward.sum": {
            "value": 0.0,
            "min": 0.0,
            "max": 0.0,
            "count": 50
        },
        "FlappAndSwitch.IsTraining.mean": {
            "value": 1.0,
            "min": 1.0,
            "max": 1.0,
            "count": 50
        },
        "FlappAndSwitch.IsTraining.sum": {
            "value": 1.0,
            "min": 1.0,
            "max": 1.0,
            "count": 50
        },
        "FlappAndSwitch.Losses.PolicyLoss.mean": {
            "value": 0.04898383747029111,
            "min": 0.0470874725690693,
            "max": 0.05058569129213166,
            "count": 9
        },
        "FlappAndSwitch.Losses.PolicyLoss.sum": {
            "value": 0.04898383747029111,
            "min": 0.0470874725690693,
            "max": 0.05058569129213166,
            "count": 9
        },
        "FlappAndSwitch.Losses.ValueLoss.mean": {
            "value": 0.005313889393557701,
            "min": 0.005017877911308371,
            "max": 0.011719926924199917,
            "count": 9
        },
        "FlappAndSwitch.Losses.ValueLoss.sum": {
            "value": 0.005313889393557701,
            "min": 0.005017877911308371,
            "max": 0.011719926924199917,
            "count": 9
        },
        "FlappAndSwitch.Policy.LearningRate.mean": {
            "value": 1.1277096241000001e-05,
            "min": 1.1277096241000001e-05,
            "max": 0.0002680980106339999,
            "count": 9
        },
        "FlappAndSwitch.Policy.LearningRate.sum": {
            "value": 1.1277096241000001e-05,
            "min": 1.1277096241000001e-05,
            "max": 0.0002680980106339999,
            "count": 9
        },
        "FlappAndSwitch.Policy.Epsilon.mean": {
            "value": 0.10375900000000002,
            "min": 0.10375900000000002,
            "max": 0.18936599999999998,
            "count": 9
        },
        "FlappAndSwitch.Policy.Epsilon.sum": {
            "value": 0.10375900000000002,
            "min": 0.10375900000000002,
            "max": 0.18936599999999998,
            "count": 9
        },
        "FlappAndSwitch.Policy.Beta.mean": {
            "value": 2.84191e-05,
            "min": 2.84191e-05,
            "max": 0.0004478934,
            "count": 9
        },
        "FlappAndSwitch.Policy.Beta.sum": {
            "value": 2.84191e-05,
            "min": 2.84191e-05,
            "max": 0.0004478934,
            "count": 9
        },
        "FlappAndSwitch.Policy.GAILPolicyEstimate.mean": {
            "value": 0.014989001600722956,
            "min": 0.014989001600722956,
            "max": 0.023733715039645106,
            "count": 9
        },
        "FlappAndSwitch.Policy.GAILPolicyEstimate.sum": {
            "value": 0.014989001600722956,
            "min": 0.014989001600722956,
            "max": 0.023733715039645106,
            "count": 9
        },
        "FlappAndSwitch.Policy.GAILExpertEstimate.mean": {
            "value": 0.9888843409414214,
            "min": 0.9862970036219775,
            "max": 0.9888843409414214,
            "count": 9
        },
        "FlappAndSwitch.Policy.GAILExpertEstimate.sum": {
            "value": 0.9888843409414214,
            "min": 0.9862970036219775,
            "max": 0.9888843409414214,
            "count": 9
        },
        "FlappAndSwitch.Losses.GAILLoss.mean": {
            "value": 0.02668213989171717,
            "min": 0.02668213989171717,
            "max": 0.04042738477187105,
            "count": 9
        },
        "FlappAndSwitch.Losses.GAILLoss.sum": {
            "value": 0.02668213989171717,
            "min": 0.02668213989171717,
            "max": 0.04042738477187105,
            "count": 9
        },
        "FlappAndSwitch.Policy.GAILGradMagLoss.mean": {
            "value": 0.02618367319073538,
            "min": 0.026127085132589992,
            "max": 0.03769149476041397,
            "count": 9
        },
        "FlappAndSwitch.Policy.GAILGradMagLoss.sum": {
            "value": 0.02618367319073538,
            "min": 0.026127085132589992,
            "max": 0.03769149476041397,
            "count": 9
        },
        "FlappAndSwitch.Losses.PretrainingLoss.mean": {
            "value": 0.0,
            "min": 0.0,
            "max": 0.0,
            "count": 9
        },
        "FlappAndSwitch.Losses.PretrainingLoss.sum": {
            "value": 0.0,
            "min": 0.0,
            "max": 0.0,
            "count": 9
        }
    },
    "metadata": {
        "timer_format_version": "0.1.0",
        "start_time_seconds": "1651942488",
        "python_version": "3.7.9 (tags/v3.7.9:13c94747c7, Aug 17 2020, 18:58:18) [MSC v.1900 64 bit (AMD64)]",
        "command_line_arguments": "C:\\Users\\Bobby\\Documents\\UnityProjects\\MLAgents_Intro\\venv\\Scripts\\mlagents-learn config/flappyAgent.yml --initialize-from=FlappyAgentDificulty1.22 --run-id=FlappyAgentDificulty1 --time-scale=1",
        "mlagents_version": "0.28.0",