{
    "name": "root",
    "gauges": {
        "MoveToGoal.Policy.Entropy.mean": {
            "value": 1.809448003768921,
            "min": 1.7897112369537354,
            "max": 1.9749089479446411,
            "count": 22
        },
        "MoveToGoal.Policy.Entropy.sum": {
            "value": 34361.41796875,
            "min": 34361.41796875,
            "max": 41117.60546875,
            "count": 22
        },
        "MoveToGoal.Step.mean": {
            "value": 439996.0,
            "min": 19954.0,
            "max": 439996.0,
            "count": 22
        },
        "MoveToGoal.Step.sum": {
            "value": 439996.0,
            "min": 19954.0,
            "max": 439996.0,
            "count": 22
        },
        "MoveToGoal.Policy.ExtrinsicValueEstimate.mean": {
            "value": 0.40776628255844116,
            "min": 0.3586908280849457,
            "max": 0.5406777858734131,
            "count": 22
        },
        "MoveToGoal.Policy.ExtrinsicValueEstimate.sum": {
            "value": 150.87351989746094,
            "min": 124.4657211303711,
            "max": 191.94061279296875,
            "count": 22
        },
        "MoveToGoal.Policy.GailValueEstimate.mean": {
            "value": 0.0018096118001267314,
            "min": -0.002587630646303296,
            "max": 2.831421375274658,
            "count": 22
        },
        "MoveToGoal.Policy.GailValueEstimate.sum": {
            "value": 0.6695563793182373,
            "min": -0.9393098950386047,
            "max": 954.18896484375,
            "count": 22
        },
        "MoveToGoal.Environment.EpisodeLength.mean": {
            "value": 162.33913043478262,
            "min": 161.65040650406505,
            "max": 220.35,
            "count": 22
        },
        "MoveToGoal.Environment.EpisodeLength.sum": {
            "value": 18669.0,
            "min": 17628.0,
            "max": 20747.0,
            "count": 22
        },
        "MoveToGoal.Environment.CumulativeReward.mean": {
            "value": 1.3392579426928874,
            "min": 0.5844049753644799,
            "max": 1.3446228330741163,
            "count": 22
        },
        "MoveToGoal.Environment.CumulativeReward.sum": {
            "value": 166.06798489391804,
            "min": 46.16799305379391,
            "max": 168.47998543083668,
            "count": 22
        },
        "MoveToGoal.Policy.ExtrinsicReward.mean": {
            "value": 1.3392579426928874,
            "min": 0.5844049753644799,
            "max": 1.3446228330741163,
            "count": 22
        },
        "MoveToGoal.Policy.ExtrinsicReward.sum": {
            "value": 166.06798489391804,
            "min": 46.16799305379391,
            "max": 168.47998543083668,
            "count": 22
        },
        "MoveToGoal.Policy.GailReward.mean": {
            "value": 0.0,
            "min": 0.0,
            "max": 0.0,
            "count": 22
        },
        "MoveToGoal.Policy.GailReward.sum": {
            "value": 0.0,
            "min": 0.0,
            "max": 0.0,
            "count": 22
        },
        "MoveToGoal.Losses.PolicyLoss.mean": {
            "value": 0.03227943053099125,
            "min": 0.030257111026230632,
            "max": 0.034513683487330124,
            "count": 22
        },
        "MoveToGoal.Losses.PolicyLoss.sum": {
            "value": 0.129117722123965,
            "min": 0.129117722123965,
            "max": 0.17256841743665063,
            "count": 22
        },
        "MoveToGoal.Losses.ValueLoss.mean": {
            "value": 0.029816767448210157,
            "min": 0.027426733123138546,
            "max": 0.2647819637786597,
            "count": 22
        },
        "MoveToGoal.Losses.ValueLoss.sum": {
            "value": 0.11926706979284063,
            "min": 0.11926706979284063,
            "max": 1.0591278551146388,
            "count": 22
        },
        "MoveToGoal.Policy.LearningRate.mean": {
            "value": 6.703393220113641e-06,
            "min": 6.703393220113641e-06,
            "max": 0.0002928257410277841,
            "count": 22
        },
        "MoveToGoal.Policy.LearningRate.sum": {
            "value": 2.6813572880454564e-05,
            "min": 2.6813572880454564e-05,
            "max": 0.0013998157152129544,
            "count": 22
        },
        "MoveToGoal.Policy.Epsilon.mean": {
            "value": 0.10223443181818181,
            "min": 0.10223443181818181,
            "max": 0.19760857954545455,
            "count": 22
        },
        "MoveToGoal.Policy.Epsilon.sum": {
            "value": 0.40893772727272726,
            "min": 0.40893772727272726,
            "max": 0.9666052272727274,
            "count": 22
        },
        "MoveToGoal.Policy.Beta.mean": {
            "value": 0.0005,
            "min": 0.0005,
            "max": 0.0005,
            "count": 22
        },
        "MoveToGoal.Policy.Beta.sum": {
            "value": 0.002,
            "min": 0.002,
            "max": 0.0025,
            "count": 22
        },
        "MoveToGoal.Policy.GAILPolicyEstimate.mean": {
            "value": 0.4255805481225252,
            "min": 0.42177795711904764,
            "max": 0.47026615040376785,
            "count": 22
        },
        "MoveToGoal.Policy.GAILPolicyEstimate.sum": {
            "value": 1.7023221924901009,
            "min": 1.7023221924901009,
            "max": 2.351330752018839,
            "count": 22
        },
        "MoveToGoal.Policy.GAILExpertEstimate.mean": {
            "value": 0.5797222021501511,
            "min": 0.5352151004597545,
            "max": 0.5851139215752482,
            "count": 22
        },
        "MoveToGoal.Policy.GAILExpertEstimate.sum": {
            "value": 2.3188888086006045,
            "min": 2.1662266114726663,
            "max": 2.925569607876241,
            "count": 22
        },
        "MoveToGoal.Losses.GAILLoss.mean": {
            "value": 1.1470985556952655,
            "min": 1.1352860994637013,
            "max": 1.286072515696287,
            "count": 22
        },
        "MoveToGoal.Losses.GAILLoss.sum": {
            "value": 4.588394222781062,
            "min": 4.588394222781062,
            "max": 6.430362578481436,
            "count": 22
        },
        "MoveToGoal.Policy.GAILGradMagLoss.mean": {
            "value": 0.031021645918372087,
            "min": 0.015866813702814397,
            "max": 0.03448355390573852,
            "count": 22
        },
        "MoveToGoal.Policy.GAILGradMagLoss.sum": {
            "value": 0.12408658367348835,
            "min": 0.06346725481125759,
            "max": 0.1724177695286926,
            "count": 22
        },
        "MoveToGoal.Losses.PretrainingLoss.mean": {
            "value": 0.0,
            "min": 0.0,
            "max": 0.0,
            "count": 22
        },
        "MoveToGoal.Losses.PretrainingLoss.sum": {
            "value": 0.0,
            "min": 0.0,
            "max": 0.0,
            "count": 22
        },
        "MoveToGoal.IsTraining.mean": {
            "value": 1.0,
            "min": 1.0,
            "max": 1.0,
            "count": 22
        },
        "MoveToGoal.IsTraining.sum": {
            "value": 1.0,
            "min": 1.0,
            "max": 1.0,
            "count": 22
        }
    },
    "metadata": {
        "timer_format_version": "0.1.0",
        "start_time_seconds": "1651243846",
        "python_version": "3.7.9 (tags/v3.7.9:13c94747c7, Aug 17 2020, 18:58:18) [MSC v.1900 64 bit (AMD64)]",
        "command_line_arguments": "C:\\Users\\Bobby\\Documents\\UnityProjects\\MLAgents_Intro\\venv\\Scripts\\mlagents-learn config/foodAgent.yml --initialize-from=FoodAgentAltered2 --run-id=FoodAgentAltered3.6",
        "mlagents_version": "0.28.0",
        "mlagents_envs_version": "0.28.0",
        "communication_protocol_version": "1.5.0",
        "pytorch_version": "1.7.1+cu110",
        "numpy_version": "1.21.5",
        "end_time_seconds": "1651244245"
    },