{
    "name": "root",
    "gauges": {
        "MoveToGoal.Policy.Entropy.mean": {
            "value": 1.6250852346420288,
            "min": 1.6250852346420288,
            "max": 2.4262313842773438,
            "count": 22
        },
        "MoveToGoal.Policy.Entropy.sum": {
            "value": 31835.419921875,
            "min": 21515.404296875,
            "max": 71538.46875,
            "count": 22
        },
        "MoveToGoal.Step.mean": {
            "value": 439939.0,
            "min": 19968.0,
            "max": 439939.0,
            "count": 22
        },
        "MoveToGoal.Step.sum": {
            "value": 439939.0,
            "min": 19968.0,
            "max": 439939.0,
            "count": 22
        },
        "MoveToGoal.Policy.ExtrinsicValueEstimate.mean": {
            "value": 0.04066804051399231,
            "min": 0.007902500219643116,
            "max": 0.2750813961029053,
            "count": 22
        },
        "MoveToGoal.Policy.ExtrinsicValueEstimate.sum": {
            "value": 14.193145751953125,
            "min": 2.473482608795166,
            "max": 85.82539367675781,
            "count": 22
        },
        "MoveToGoal.Policy.GailValueEstimate.mean": {
            "value": 0.0022891012486070395,
            "min": -0.005182288587093353,
            "max": 3.5996038913726807,
            "count": 22
        },
        "MoveToGoal.Policy.GailValueEstimate.sum": {
            "value": 0.798896312713623,
            "min": -1.658332347869873,
            "max": 1123.076416015625,
            "count": 22
        },
        "MoveToGoal.Losses.PolicyLoss.mean": {
            "value": 0.03166633656858014,
            "min": 0.03166633656858014,
            "max": 0.03765578334889296,
            "count": 22
        },
        "MoveToGoal.Losses.PolicyLoss.sum": {
            "value": 0.06333267313716028,
            "min": 0.03357829173554718,
            "max": 0.07511298017006993,
            "count": 22
        },
        "MoveToGoal.Losses.ValueLoss.mean": {
            "value": 0.011494596232660114,
            "min": 0.0009670565732247066,
            "max": 0.4617815034257041,
            "count": 22
        },
        "MoveToGoal.Losses.ValueLoss.sum": {
            "value": 0.02298919246532023,
            "min": 0.0009670565732247066,
            "max": 0.4617815034257041,
            "count": 22
        },
        "MoveToGoal.Policy.LearningRate.mean": {
            "value": 5.677257198522737e-06,
            "min": 5.677257198522737e-06,
            "max": 0.0002925818206545454,
            "count": 22
        },
        "MoveToGoal.Policy.LearningRate.sum": {
            "value": 1.1354514397045474e-05,
            "min": 1.1354514397045474e-05,
            "max": 0.0005629091032727273,
            "count": 22
        },
        "MoveToGoal.Policy.Epsilon.mean": {
            "value": 0.10189238636363634,
            "min": 0.10189238636363634,
            "max": 0.1975272727272727,
            "count": 22
        },
        "MoveToGoal.Policy.Epsilon.sum": {
            "value": 0.2037847727272727,
            "min": 0.13418,
            "max": 0.38763636363636367,
            "count": 22
        },
        "MoveToGoal.Policy.Beta.mean": {
            "value": 0.0005000000000000001,
            "min": 0.0005000000000000001,
            "max": 0.0005000000000000001,
            "count": 22
        },
        "MoveToGoal.Policy.Beta.sum": {
            "value": 0.0010000000000000002,
            "min": 0.0005000000000000001,
            "max": 0.0010000000000000002,
            "count": 22
        },
        "MoveToGoal.Policy.GAILPolicyEstimate.mean": {
            "value": 0.42338163264923623,
            "min": 0.34093299523863213,
            "max": 0.4574410448471705,
            "count": 22
        },
        "MoveToGoal.Policy.GAILPolicyEstimate.sum": {
            "value": 0.8467632652984725,
            "min": 0.34093299523863213,
            "max": 0.9051024302840234,
            "count": 22
        },
        "MoveToGoal.Policy.GAILExpertEstimate.mean": {
            "value": 0.5760123588972621,
            "min": 0.545463295115365,
            "max": 0.6373949833017177,
            "count": 22
        },
        "MoveToGoal.Policy.GAILExpertEstimate.sum": {
            "value": 1.1520247177945242,
            "min": 0.545463295115365,
            "max": 1.2381808142813426,
            "count": 22
        },
        "MoveToGoal.Losses.GAILLoss.mean": {
            "value": 1.1760436875952616,
            "min": 0.9834832817158371,
            "max": 1.2560234381092918,
            "count": 22
        },
        "MoveToGoal.Losses.GAILLoss.sum": {
            "value": 2.352087375190523,
            "min": 0.9834832817158371,
            "max": 2.4946143861972923,
            "count": 22
        },
        "MoveToGoal.Policy.GAILGradMagLoss.mean": {
            "value": 0.02925071310924573,
            "min": 0.01942446124928091,
            "max": 0.041673955383153743,
            "count": 22
        },
        "MoveToGoal.Policy.GAILGradMagLoss.sum": {
            "value": 0.05850142621849146,
            "min": 0.02344361848404838,
            "max": 0.08334791076630749,
            "count": 22
        },
        "MoveToGoal.Losses.PretrainingLoss.mean": {
            "value": 0.0,
            "min": 0.0,
            "max": 0.0,
            "count": 22
        },
        "MoveToGoal.Losses.PretrainingLoss.sum": {
            "value": 0.0,
            "min": 0.0,
            "max": 0.0,
            "count": 22
        },
        "MoveToGoal.IsTraining.mean": {
            "value": 1.0,
            "min": 1.0,
            "max": 1.0,
            "count": 22
        },
        "MoveToGoal.IsTraining.sum": {
            "value": 1.0,
            "min": 1.0,
            "max": 1.0,
            "count": 22
        },
        "MoveToGoal.Environment.EpisodeLength.mean": {
            "value": 161.32467532467533,
            "min": 161.32467532467533,
            "max": 169.0,
            "count": 19
        },
        "MoveToGoal.Environment.EpisodeLength.sum": {
            "value": 12422.0,
            "min": 3871.0,
            "max": 45384.0,
            "count": 19
        },
        "MoveToGoal.Environment.CumulativeReward.mean": {
            "value": 1.737712612375617,
            "min": 0.7137519927161147,
            "max": 1.7592942312944169,
            "count": 19
        },
        "MoveToGoal.Environment.CumulativeReward.sum": {
            "value": 139.01700899004936,
            "min": 23.6430013589561,
            "max": 374.05902599543333,
            "count": 19
        },
        "MoveToGoal.Policy.ExtrinsicReward.mean": {
            "value": 1.737712612375617,
            "min": 0.7137519927161147,
            "max": 1.7592942312944169,
            "count": 19
        },
        "MoveToGoal.Policy.ExtrinsicReward.sum": {
            "value": 139.01700899004936,
            "min": 23.6430013589561,
            "max": 374.05902599543333,
            "count": 19
        },
        "MoveToGoal.Policy.GailReward.mean": {
            "value": 0.0,
            "min": 0.0,
            "max": 0.0,
            "count": 19
        },
        "MoveToGoal.Policy.GailReward.sum": {
            "value": 0.0,
            "min": 0.0,
            "max": 0.0,
            "count": 19
        }
    },
    "metadata": {
        "timer_format_version": "0.1.0",
        "start_time_seconds": "1651565939",
        "python_version": "3.7.9 (tags/v3.7.9:13c94747c7, Aug 17 2020, 18:58:18) [MSC v.1900 64 bit (AMD64)]",
        "command_line_arguments": "C:\\Users\\Bobby\\Documents\\UnityProjects\\MLAgents_Intro\\venv\\Scripts\\mlagents-learn config/foodAgent.yml --env=ServerBuild/MLAgents_Intro --num-envs=10 --initialize-from=FoodAgentAltered2 --run-id=FoodAgentAltered_V2.3681",
        "mlagents_version": "0.28.0",
        "mlagents_envs_version": "0.28.0",