{
    "name": "root",
    "gauges": {
        "MoveToGoal.Policy.Entropy.mean": {
            "value": 1.6740269660949707,
            "min": 1.6740269660949707,
            "max": 2.065075635910034,
            "count": 22
        },
        "MoveToGoal.Policy.Entropy.sum": {
            "value": 33647.94140625,
            "min": 33277.21484375,
            "max": 43024.6640625,
            "count": 22
        },
        "MoveToGoal.Step.mean": {
            "value": 439961.0,
            "min": 19938.0,
            "max": 439961.0,
            "count": 22
        },
        "MoveToGoal.Step.sum": {
            "value": 439961.0,
            "min": 19938.0,
            "max": 439961.0,
            "count": 22
        },
        "MoveToGoal.Policy.ExtrinsicValueEstimate.mean": {
            "value": 0.062488049268722534,
            "min": 0.041013576090335846,
            "max": 0.2937560975551605,
            "count": 22
        },
        "MoveToGoal.Policy.ExtrinsicValueEstimate.sum": {
            "value": 23.995410919189453,
            "min": 14.518805503845215,
            "max": 100.75834655761719,
            "count": 22
        },
        "MoveToGoal.Policy.GailValueEstimate.mean": {
            "value": -0.000324697612086311,
            "min": -0.0014130905037745833,
            "max": 2.921053171157837,
            "count": 22
        },
        "MoveToGoal.Policy.GailValueEstimate.sum": {
            "value": -0.12468387931585312,
            "min": -0.5454529523849487,
            "max": 1001.9212646484375,
            "count": 22
        },
        "MoveToGoal.Environment.EpisodeLength.mean": {
            "value": 154.592,
            "min": 154.578125,
            "max": 227.91666666666666,
            "count": 22
        },
        "MoveToGoal.Environment.EpisodeLength.sum": {
            "value": 19324.0,
            "min": 16410.0,
            "max": 20899.0,
            "count": 22
        },
        "MoveToGoal.Environment.CumulativeReward.mean": {
            "value": 1.8444286881694718,
            "min": 1.7551327183681102,
            "max": 1.8444286881694718,
            "count": 22
        },
        "MoveToGoal.Environment.CumulativeReward.sum": {
            "value": 232.39801470935345,
            "min": 127.51800490170717,
            "max": 243.44901511073112,
            "count": 22
        },
        "MoveToGoal.Policy.ExtrinsicReward.mean": {
            "value": 1.8444286881694718,
            "min": 1.7551327183681102,
            "max": 1.8444286881694718,
            "count": 22
        },
        "MoveToGoal.Policy.ExtrinsicReward.sum": {
            "value": 232.39801470935345,
            "min": 127.51800490170717,
            "max": 243.44901511073112,
            "count": 22
        },
        "MoveToGoal.Policy.GailReward.mean": {
            "value": 0.0,
            "min": 0.0,
            "max": 0.0,
            "count": 22
        },
        "MoveToGoal.Policy.GailReward.sum": {
            "value": 0.0,
            "min": 0.0,
            "max": 0.0,
            "count": 22
        },
        "MoveToGoal.Losses.PolicyLoss.mean": {
            "value": 0.034167950634259286,
            "min": 0.03228479670433444,
            "max": 0.03866608210249711,
            "count": 22
        },
        "MoveToGoal.Losses.PolicyLoss.sum": {
            "value": 0.06833590126851857,
            "min": 0.03370163041674661,
            "max": 0.07733216420499422,
            "count": 22
        },
        "MoveToGoal.Losses.ValueLoss.mean": {
            "value": 0.013339653079553197,
            "min": 0.012685118477222406,
            "max": 0.4121172480285168,
            "count": 22
        },
        "MoveToGoal.Losses.ValueLoss.sum": {
            "value": 0.026679306159106395,
            "min": 0.012925465586077836,
            "max": 0.4121172480285168,
            "count": 22
        },
        "MoveToGoal.Policy.LearningRate.mean": {
            "value": 8.54430169738636e-06,
            "min": 8.54430169738636e-06,
            "max": 0.00029297113870659086,
            "count": 22
        },
        "MoveToGoal.Policy.LearningRate.sum": {
            "value": 1.708860339477272e-05,
            "min": 1.708860339477272e-05,
            "max": 0.0005648686480740909,
            "count": 22
        },
        "MoveToGoal.Policy.Epsilon.mean": {
            "value": 0.10284806818181821,
            "min": 0.10284806818181821,
            "max": 0.19765704545454546,
            "count": 22
        },
        "MoveToGoal.Policy.Epsilon.sum": {
            "value": 0.20569613636363643,
            "min": 0.12041181818181818,
            "max": 0.38828954545454564,
            "count": 22
        },
        "MoveToGoal.Policy.Beta.mean": {
            "value": 0.0005000000000000001,
            "min": 0.0005000000000000001,
            "max": 0.0005000000000000001,
            "count": 22
        },
        "MoveToGoal.Policy.Beta.sum": {
            "value": 0.0010000000000000002,
            "min": 0.0005000000000000001,
            "max": 0.0010000000000000002,
            "count": 22
        },
        "MoveToGoal.Policy.GAILPolicyEstimate.mean": {
            "value": 0.45818625738223395,
            "min": 0.4459819458425045,
            "max": 0.4739110411041313,
            "count": 22
        },
        "MoveToGoal.Policy.GAILPolicyEstimate.sum": {
            "value": 0.9163725147644679,
            "min": 0.45013487173451316,
            "max": 0.9478220822082626,
            "count": 22
        },
        "MoveToGoal.Policy.GAILExpertEstimate.mean": {
            "value": 0.5404702991247177,
            "min": 0.5281840685341093,
            "max": 0.5504316576653057,
            "count": 22
        },
        "MoveToGoal.Policy.GAILExpertEstimate.sum": {
            "value": 1.0809405982494353,
            "min": 0.5427850210004382,
            "max": 1.1008633153306113,
            "count": 22
        },
        "MoveToGoal.Losses.GAILLoss.mean": {
            "value": 1.2657412062088649,
            "min": 1.2324632194307115,
            "max": 1.3026710950666005,
            "count": 22
        },
        "MoveToGoal.Losses.GAILLoss.sum": {
            "value": 2.5314824124177298,
            "min": 1.2399762246343824,
            "max": 2.605342190133201,
            "count": 22
        },
        "MoveToGoal.Policy.GAILGradMagLoss.mean": {
            "value": 0.01624618739976237,
            "min": 0.014882104621372289,
            "max": 0.029177266724097234,
            "count": 22
        },
        "MoveToGoal.Policy.GAILGradMagLoss.sum": {
            "value": 0.03249237479952474,
            "min": 0.014882104621372289,
            "max": 0.05835453344819447,
            "count": 22
        },
        "MoveToGoal.Losses.PretrainingLoss.mean": {
            "value": 0.0,
            "min": 0.0,
            "max": 0.0,
            "count": 22
        },
        "MoveToGoal.Losses.PretrainingLoss.sum": {
            "value": 0.0,
            "min": 0.0,
            "max": 0.0,
            "count": 22
        },
        "MoveToGoal.IsTraining.mean": {
            "value": 1.0,
            "min": 1.0,
            "max": 1.0,
            "count": 22
        },
        "MoveToGoal.IsTraining.sum": {
            "value": 1.0,
            "min": 1.0,
            "max": 1.0,
            "count": 22
        }
    },
    "metadata": {
        "timer_format_version": "0.1.0",
        "start_time_seconds": "1651564257",
        "python_version": "3.7.9 (tags/v3.7.9:13c94747c7, Aug 17 2020, 18:58:18) [MSC v.1900 64 bit (AMD64)]",
        "command_line_arguments": "C:\\Users\\Bobby\\Documents\\UnityProjects\\MLAgents_Intro\\venv\\Scripts\\mlagents-learn config/foodAgent.yml --initialize-from=FoodAgentAltered2 --run-id=FoodAgentAltered_V2.3680",
        "mlagents_version": "0.28.0",
        "mlagents_envs_version": "0.28.0",
        "communication_protocol_version": "1.5.0",