{
    "name": "root",
    "gauges": {
        "FlappAndSwitch.Policy.Entropy.mean": {
            "value": 1.366935133934021,
            "min": 1.3607789278030396,
            "max": 1.4287707805633545,
            "count": 50
        },
        "FlappAndSwitch.Policy.Entropy.sum": {
            "value": 2059.97119140625,
            "min": 955.6824951171875,
            "max": 4451.904296875,
            "count": 50
        },
        "FlappAndSwitch.Environment.EpisodeLength.mean": {
            "value": 1506.0,
            "min": 99.75,
            "max": 1506.0,
            "count": 50
        },
        "FlappAndSwitch.Environment.EpisodeLength.sum": {
            "value": 1506.0,
            "min": 704.0,
            "max": 3165.0,
            "count": 50
        },
        "FlappAndSwitch.Step.mean": {
            "value": 98947.0,
            "min": 1897.0,
            "max": 98947.0,
            "count": 50
        },
        "FlappAndSwitch.Step.sum": {
            "value": 98947.0,
            "min": 1897.0,
            "max": 98947.0,
            "count": 50
        },
        "FlappAndSwitch.Policy.ExtrinsicValueEstimate.mean": {
            "value": 0.19202803075313568,
            "min": 0.05599747598171234,
            "max": 0.35831737518310547,
            "count": 50
        },
        "FlappAndSwitch.Policy.ExtrinsicValueEstimate.sum": {
            "value": 0.19202803075313568,
            "min": 0.19202803075313568,
            "max": 2.8665390014648438,
            "count": 50
        },
        "FlappAndSwitch.Policy.GailValueEstimate.mean": {
            "value": -0.0005681189359165728,
            "min": -0.005661916919052601,
            "max": 0.03125870227813721,
            "count": 50
        },
        "FlappAndSwitch.Policy.GailValueEstimate.sum": {
            "value": -0.0005681189359165728,
            "min": -0.062281087040901184,
            "max": 0.3884565830230713,
            "count": 50
        },
        "FlappAndSwitch.Environment.CumulativeReward.mean": {
            "value": 116.17601013183594,
            "min": 9.574637017466806,
            "max": 116.17601013183594,
            "count": 50
        },
        "FlappAndSwitch.Environment.CumulativeReward.sum": {
            "value": 116.17601013183594,
            "min": 105.32100719213486,
            "max": 254.67101496458054,
            "count": 50
        },
        "FlappAndSwitch.Policy.ExtrinsicReward.mean": {
            "value": 116.17601013183594,
            "min": 9.574637017466806,
            "max": 116.17601013183594,
            "count": 50
        },
        "FlappAndSwitch.Policy.ExtrinsicReward.sum": {
            "value": 116.17601013183594,
            "min": 105.32100719213486,
            "max": 254.67101496458054,
            "count": 50
        },
        "FlappAndSwitch.Policy.GailReward.mean": {
            "value": 0.0,
            "min": 0.0,
            "max": 0.0,
            "count": 50
        },
        "FlappAndSwitch.Policy.GailReward.sum": {
            "value": 0.0,
            "min": 0.0,
            "max": 0.0,
            "count": 50
        },
        "FlappAndSwitch.IsTraining.mean": {
            "value": 1.0,
            "min": 1.0,
            "max": 1.0,
            "count": 50
        },
        "FlappAndSwitch.IsTraining.sum": {
            "value": 1.0,
            "min": 1.0,
            "max": 1.0,
            "count": 50
        },
        "FlappAndSwitch.Losses.PolicyLoss.mean": {
            "value": 0.04897250124486163,
            "min": 0.04530727785313502,
            "max": 0.05338685429499795,
            "count": 9
        },
        "FlappAndSwitch.Losses.PolicyLoss.sum": {
            "value": 0.04897250124486163,
            "min": 0.04530727785313502,
            "max": 0.05338685429499795,
            "count": 9
        },
        "FlappAndSwitch.Losses.ValueLoss.mean": {
            "value": 0.0038321085532920227,
            "min": 0.0025253129802877083,
            "max": 0.008945994739415784,
            "count": 9
        },
        "FlappAndSwitch.Losses.ValueLoss.sum": {
            "value": 0.0038321085532920227,
            "min": 0.0025253129802877083,
            "max": 0.008945994739415784,
            "count": 9
        },
        "FlappAndSwitch.Policy.LearningRate.mean": {
            "value": 1.922409359200001e-05,
            "min": 1.922409359200001e-05,
            "max": 0.0002687520104159999,
            "count": 9
        },
        "FlappAndSwitch.Policy.LearningRate.sum": {
            "value": 1.922409359200001e-05,
            "min": 1.922409359200001e-05,
            "max": 0.0002687520104159999,
            "count": 9
        },
        "FlappAndSwitch.Policy.Epsilon.mean": {
            "value": 0.10640800000000004,
            "min": 0.10640800000000004,
            "max": 0.189584,
            "count": 9
        },
        "FlappAndSwitch.Policy.Epsilon.sum": {
            "value": 0.10640800000000004,
            "min": 0.10640800000000004,
            "max": 0.189584,
            "count": 9
        },
        "FlappAndSwitch.Policy.Beta.mean": {
            "value": 4.1399200000000015e-05,
            "min": 4.1399200000000015e-05,
            "max": 0.00044896160000000004,
            "count": 9
        },
        "FlappAndSwitch.Policy.Beta.sum": {
            "value": 4.1399200000000015e-05,
            "min": 4.1399200000000015e-05,
            "max": 0.00044896160000000004,
            "count": 9
        },
        "FlappAndSwitch.Policy.GAILPolicyEstimate.mean": {
            "value": 0.015948327152161962,
            "min": 0.014814556867349893,
            "max": 0.024724953272379935,
            "count": 9
        },
        "FlappAndSwitch.Policy.GAILPolicyEstimate.sum": {
            "value": 0.015948327152161962,
            "min": 0.014814556867349893,
            "max": 0.024724953272379935,
            "count": 9
        },
        "FlappAndSwitch.Policy.GAILExpertEstimate.mean": {
            "value": 0.9891373354527685,
            "min": 0.9860000252408325,
            "max": 0.9891373354527685,
            "count": 9
        },
        "FlappAndSwitch.Policy.GAILExpertEstimate.sum": {
            "value": 0.9891373354527685,
            "min": 0.9860000252408325,
            "max": 0.9891373354527685,
            "count": 9
        },
        "FlappAndSwitch.Losses.GAILLoss.mean": {
            "value": 0.027419203856132095,
            "min": 0.026883266840337053,
            "max": 0.04103786033164296,
            "count": 9
        },
        "FlappAndSwitch.Losses.GAILLoss.sum": {
            "value": 0.027419203856132095,
            "min": 0.026883266840337053,
            "max": 0.04103786033164296,
            "count": 9
        },
        "FlappAndSwitch.Policy.GAILGradMagLoss.mean": {
            "value": 0.026565787791171008,
            "min": 0.02644565634096299,
            "max": 0.03745297770947218,
            "count": 9
        },
        "FlappAndSwitch.Policy.GAILGradMagLoss.sum": {
            "value": 0.026565787791171008,
            "min": 0.02644565634096299,
            "max": 0.03745297770947218,
            "count": 9
        },
        "FlappAndSwitch.Losses.PretrainingLoss.mean": {
            "value": 0.0,
            "min": 0.0,
            "max": 0.0,
            "count": 9
        },
        "FlappAndSwitch.Losses.PretrainingLoss.sum": {
            "value": 0.0,
            "min": 0.0,
            "max": 0.0,
            "count": 9
        }
    },
    "metadata": {
        "timer_format_version": "0.1.0",
        "start_time_seconds": "1651940535",
        "python_version": "3.7.9 (tags/v3.7.9:13c94747c7, Aug 17 2020, 18:58:18) [MSC v.1900 64 bit (AMD64)]",
        "command_line_arguments": "C:\\Users\\Bobby\\Documents\\UnityProjects\\MLAgents_Intro\\venv\\Scripts\\mlagents-learn config/flappyAgent.yml --initialize-from=FlappyAgentDificulty1.22 --run-id=FlappyAgentDificulty1.23 --time-scale=1",