{
    "name": "root",
    "gauges": {
        "FlappAndSwitch.Policy.Entropy.mean": {
            "value": 1.3291618824005127,
            "min": 1.3194806575775146,
            "max": 1.3744515180587769,
            "count": 50
        },
        "FlappAndSwitch.Policy.Entropy.sum": {
            "value": 2076.15087890625,
            "min": 679.8504638671875,
            "max": 4783.6787109375,
            "count": 50
        },
        "FlappAndSwitch.Environment.EpisodeLength.mean": {
            "value": 5657.0,
            "min": 20.0,
            "max": 5657.0,
            "count": 42
        },
        "FlappAndSwitch.Environment.EpisodeLength.sum": {
            "value": 5657.0,
            "min": 20.0,
            "max": 5657.0,
            "count": 42
        },
        "FlappAndSwitch.Step.mean": {
            "value": 99008.0,
            "min": 1964.0,
            "max": 99008.0,
            "count": 50
        },
        "FlappAndSwitch.Step.sum": {
            "value": 99008.0,
            "min": 1964.0,
            "max": 99008.0,
            "count": 50
        },
        "FlappAndSwitch.Policy.ExtrinsicValueEstimate.mean": {
            "value": 0.40169721841812134,
            "min": 0.07266640663146973,
            "max": 0.48099836707115173,
            "count": 50
        },
        "FlappAndSwitch.Policy.ExtrinsicValueEstimate.sum": {
            "value": 0.40169721841812134,
            "min": 0.14533281326293945,
            "max": 2.1665050983428955,
            "count": 50
        },
        "FlappAndSwitch.Policy.GailValueEstimate.mean": {
            "value": 0.0004301527515053749,
            "min": -0.0024949321523308754,
            "max": 0.005755147896707058,
            "count": 50
        },
        "FlappAndSwitch.Policy.GailValueEstimate.sum": {
            "value": 0.0004301527515053749,
            "min": -0.01772499829530716,
            "max": 0.031227368861436844,
            "count": 50
        },
        "FlappAndSwitch.Environment.CumulativeReward.mean": {
            "value": 65.50869087378184,
            "min": 15.220335404078165,
            "max": 337.19513416290283,
            "count": 42
        },
        "FlappAndSwitch.Environment.CumulativeReward.sum": {
            "value": 196.52607262134552,
            "min": 45.6610062122345,
            "max": 433.4161639213562,
            "count": 42
        },
        "FlappAndSwitch.Policy.ExtrinsicReward.mean": {
            "value": 65.50869087378184,
            "min": 15.220335404078165,
            "max": 337.19513416290283,
            "count": 42
        },
        "FlappAndSwitch.Policy.ExtrinsicReward.sum": {
            "value": 196.52607262134552,
            "min": 45.6610062122345,
            "max": 433.4161639213562,
            "count": 42
        },
        "FlappAndSwitch.Policy.GailReward.mean": {
            "value": 0.0,
            "min": 0.0,
            "max": 0.0,
            "count": 42
        },
        "FlappAndSwitch.Policy.GailReward.sum": {
            "value": 0.0,
            "min": 0.0,
            "max": 0.0,
            "count": 42
        },
        "FlappAndSwitch.IsTraining.mean": {
            "value": 1.0,
            "min": 1.0,
            "max": 1.0,
            "count": 50
        },
        "FlappAndSwitch.IsTraining.sum": {
            "value": 1.0,
            "min": 1.0,
            "max": 1.0,
            "count": 50
        },
        "FlappAndSwitch.Losses.PolicyLoss.mean": {
            "value": 0.050410368138062704,
            "min": 0.04575580606734745,
            "max": 0.05206100068753585,
            "count": 9
        },
        "FlappAndSwitch.Losses.PolicyLoss.sum": {
            "value": 0.050410368138062704,
            "min": 0.04575580606734745,
            "max": 0.05206100068753585,
            "count": 9
        },
        "FlappAndSwitch.Losses.ValueLoss.mean": {
            "value": 0.003026305469690319,
            "min": 0.003026305469690319,
            "max": 0.004835475476122357,
            "count": 9
        },
        "FlappAndSwitch.Losses.ValueLoss.sum": {
            "value": 0.003026305469690319,
            "min": 0.003026305469690319,
            "max": 0.004835475476122357,
            "count": 9
        },
        "FlappAndSwitch.Policy.LearningRate.mean": {
            "value": 9.120096959999997e-06,
            "min": 9.120096959999997e-06,
            "max": 0.00026854801048399997,
            "count": 9
        },
        "FlappAndSwitch.Policy.LearningRate.sum": {
            "value": 9.120096959999997e-06,
            "min": 9.120096959999997e-06,
            "max": 0.00026854801048399997,
            "count": 9
        },
        "FlappAndSwitch.Policy.Epsilon.mean": {
            "value": 0.10304,
            "min": 0.10304,
            "max": 0.18951600000000002,
            "count": 9
        },
        "FlappAndSwitch.Policy.Epsilon.sum": {
            "value": 0.10304,
            "min": 0.10304,
            "max": 0.18951600000000002,
            "count": 9
        },
        "FlappAndSwitch.Policy.Beta.mean": {
            "value": 2.4895999999999997e-05,
            "min": 2.4895999999999997e-05,
            "max": 0.00044862839999999993,
            "count": 9
        },
        "FlappAndSwitch.Policy.Beta.sum": {
            "value": 2.4895999999999997e-05,
            "min": 2.4895999999999997e-05,
            "max": 0.00044862839999999993,
            "count": 9
        },
        "FlappAndSwitch.Policy.GAILPolicyEstimate.mean": {
            "value": 0.012526889288321484,
            "min": 0.011890976455693364,
            "max": 0.014476540702809062,
            "count": 9
        },
        "FlappAndSwitch.Policy.GAILPolicyEstimate.sum": {
            "value": 0.012526889288321484,
            "min": 0.011890976455693364,
            "max": 0.014476540702809062,
            "count": 9
        },
        "FlappAndSwitch.Policy.GAILExpertEstimate.mean": {
            "value": 0.991246528865755,
            "min": 0.9889725377162297,
            "max": 0.9913779137411503,
            "count": 9
        },
        "FlappAndSwitch.Policy.GAILExpertEstimate.sum": {
            "value": 0.991246528865755,
            "min": 0.9889725377162297,
            "max": 0.9913779137411503,
            "count": 9
        },
        "FlappAndSwitch.Losses.GAILLoss.mean": {
            "value": 0.02172388895402737,
            "min": 0.02172388895402737,
            "max": 0.027776194270700216,
            "count": 9
        },
        "FlappAndSwitch.Losses.GAILLoss.sum": {
            "value": 0.02172388895402737,
            "min": 0.02172388895402737,
            "max": 0.027776194270700216,
            "count": 9
        },
        "FlappAndSwitch.Policy.GAILGradMagLoss.mean": {
            "value": 0.02227183289763347,
            "min": 0.021690855701712683,
            "max": 0.02746152383947952,
            "count": 9
        },
        "FlappAndSwitch.Policy.GAILGradMagLoss.sum": {
            "value": 0.02227183289763347,
            "min": 0.021690855701712683,
            "max": 0.02746152383947952,
            "count": 9
        },
        "FlappAndSwitch.Losses.PretrainingLoss.mean": {
            "value": 0.0,
            "min": 0.0,
            "max": 0.0,
            "count": 9
        },
        "FlappAndSwitch.Losses.PretrainingLoss.sum": {
            "value": 0.0,
            "min": 0.0,
            "max": 0.0,
            "count": 9
        }
    },
    "metadata": {
        "timer_format_version": "0.1.0",
        "start_time_seconds": "1651943822",
        "python_version": "3.7.9 (tags/v3.7.9:13c94747c7, Aug 17 2020, 18:58:18) [MSC v.1900 64 bit (AMD64)]",
        "command_line_arguments": "C:\\Users\\Bobby\\Documents\\UnityProjects\\MLAgents_Intro\\venv\\Scripts\\mlagents-learn config/flappyAgent.yml --initialize-from=FlappyAgentDificulty1 --run-id=FlappyAgentDificulty0.5 --time-scale=1",
        "mlagents_version": "0.28.0",