{
    "name": "root",
    "gauges": {
        "FlappAndSwitch.Policy.Entropy.mean": {
            "value": 1.4810210466384888,
            "min": 1.472517490386963,
            "max": 1.5234702825546265,
            "count": 50
        },
        "FlappAndSwitch.Policy.Entropy.sum": {
            "value": 2735.44580078125,
            "min": 2096.5380859375,
            "max": 3911.642333984375,
            "count": 50
        },
        "FlappAndSwitch.Environment.EpisodeLength.mean": {
            "value": 114.4375,
            "min": 56.0,
            "max": 208.44444444444446,
            "count": 50
        },
        "FlappAndSwitch.Environment.EpisodeLength.sum": {
            "value": 1831.0,
            "min": 1462.0,
            "max": 2548.0,
            "count": 50
        },
        "FlappAndSwitch.Step.mean": {
            "value": 99898.0,
            "min": 1898.0,
            "max": 99898.0,
            "count": 50
        },
        "FlappAndSwitch.Step.sum": {
            "value": 99898.0,
            "min": 1898.0,
            "max": 99898.0,
            "count": 50
        },
        "FlappAndSwitch.Policy.ExtrinsicValueEstimate.mean": {
            "value": 0.5196937322616577,
            "min": 0.46730270981788635,
            "max": 0.6636202931404114,
            "count": 50
        },
        "FlappAndSwitch.Policy.ExtrinsicValueEstimate.sum": {
            "value": 8.315099716186523,
            "min": 4.927789688110352,
            "max": 22.8663387298584,
            "count": 50
        },
        "FlappAndSwitch.Policy.GailValueEstimate.mean": {
            "value": 0.001079503446817398,
            "min": -0.0010257437825202942,
            "max": 0.04874053969979286,
            "count": 50
        },
        "FlappAndSwitch.Policy.GailValueEstimate.sum": {
            "value": 0.01727205514907837,
            "min": -0.013334669172763824,
            "max": 1.6688299179077148,
            "count": 50
        },
        "FlappAndSwitch.Environment.CumulativeReward.mean": {
            "value": 33.431560069322586,
            "min": 14.556193189488518,
            "max": 60.207771725124786,
            "count": 50
        },
        "FlappAndSwitch.Environment.CumulativeReward.sum": {
            "value": 534.9049611091614,
            "min": 484.7179728746414,
            "max": 622.1869533061981,
            "count": 50
        },
        "FlappAndSwitch.Policy.ExtrinsicReward.mean": {
            "value": 33.431560069322586,
            "min": 14.556193189488518,
            "max": 60.207771725124786,
            "count": 50
        },
        "FlappAndSwitch.Policy.ExtrinsicReward.sum": {
            "value": 534.9049611091614,
            "min": 484.7179728746414,
            "max": 622.1869533061981,
            "count": 50
        },
        "FlappAndSwitch.Policy.GailReward.mean": {
            "value": 0.0,
            "min": 0.0,
            "max": 0.0,
            "count": 50
        },
        "FlappAndSwitch.Policy.GailReward.sum": {
            "value": 0.0,
            "min": 0.0,
            "max": 0.0,
            "count": 50
        },
        "FlappAndSwitch.IsTraining.mean": {
            "value": 1.0,
            "min": 1.0,
            "max": 1.0,
            "count": 50
        },
        "FlappAndSwitch.IsTraining.sum": {
            "value": 1.0,
            "min": 1.0,
            "max": 1.0,
            "count": 50
        },
        "FlappAndSwitch.Losses.PolicyLoss.mean": {
            "value": 0.04873437888972047,
            "min": 0.04591282576891697,
            "max": 0.05146116145752714,
            "count": 9
        },
        "FlappAndSwitch.Losses.PolicyLoss.sum": {
            "value": 0.04873437888972047,
            "min": 0.04591282576891697,
            "max": 0.05146116145752714,
            "count": 9
        },
        "FlappAndSwitch.Losses.ValueLoss.mean": {
            "value": 0.012378130293089068,
            "min": 0.01183917601334138,
            "max": 0.02091018320319967,
            "count": 9
        },
        "FlappAndSwitch.Losses.ValueLoss.sum": {
            "value": 0.012378130293089068,
            "min": 0.01183917601334138,
            "max": 0.02091018320319967,
            "count": 9
        },
        "FlappAndSwitch.Policy.LearningRate.mean": {
            "value": 1.9764093412000007e-05,
            "min": 1.9764093412000007e-05,
            "max": 0.00026915401028199993,
            "count": 9
        },
        "FlappAndSwitch.Policy.LearningRate.sum": {
            "value": 1.9764093412000007e-05,
            "min": 1.9764093412000007e-05,
            "max": 0.00026915401028199993,
            "count": 9
        },
        "FlappAndSwitch.Policy.Epsilon.mean": {
            "value": 0.10658800000000003,
            "min": 0.10658800000000003,
            "max": 0.18971800000000003,
            "count": 9
        },
        "FlappAndSwitch.Policy.Epsilon.sum": {
            "value": 0.10658800000000003,
            "min": 0.10658800000000003,
            "max": 0.18971800000000003,
            "count": 9
        },
        "FlappAndSwitch.Policy.Beta.mean": {
            "value": 4.228120000000003e-05,
            "min": 4.228120000000003e-05,
            "max": 0.00044961819999999984,
            "count": 9
        },
        "FlappAndSwitch.Policy.Beta.sum": {
            "value": 4.228120000000003e-05,
            "min": 4.228120000000003e-05,
            "max": 0.00044961819999999984,
            "count": 9
        },
        "FlappAndSwitch.Policy.GAILPolicyEstimate.mean": {
            "value": 0.020611517521966664,
            "min": 0.020611517521966664,
            "max": 0.04975767769954271,
            "count": 9
        },
        "FlappAndSwitch.Policy.GAILPolicyEstimate.sum": {
            "value": 0.020611517521966664,
            "min": 0.020611517521966664,
            "max": 0.04975767769954271,
            "count": 9
        },
        "FlappAndSwitch.Policy.GAILExpertEstimate.mean": {
            "value": 0.9829186528921128,
            "min": 0.9692537455095185,
            "max": 0.9829186528921128,
            "count": 9
        },
        "FlappAndSwitch.Policy.GAILExpertEstimate.sum": {
            "value": 0.9829186528921128,
            "min": 0.9692537455095185,
            "max": 0.9829186528921128,
            "count": 9
        },
        "FlappAndSwitch.Losses.GAILLoss.mean": {
            "value": 0.03863388662123018,
            "min": 0.03863388662123018,
            "max": 0.0849253721949127,
            "count": 9
        },
        "FlappAndSwitch.Losses.GAILLoss.sum": {
            "value": 0.03863388662123018,
            "min": 0.03863388662123018,
            "max": 0.0849253721949127,
            "count": 9
        },
        "FlappAndSwitch.Policy.GAILGradMagLoss.mean": {
            "value": 0.036853051097649664,
            "min": 0.03629817309610162,
            "max": 0.05768187578457097,
            "count": 9
        },
        "FlappAndSwitch.Policy.GAILGradMagLoss.sum": {
            "value": 0.036853051097649664,
            "min": 0.03629817309610162,
            "max": 0.05768187578457097,
            "count": 9
        },
        "FlappAndSwitch.Losses.PretrainingLoss.mean": {
            "value": 0.0,
            "min": 0.0,
            "max": 0.0,
            "count": 9
        },
        "FlappAndSwitch.Losses.PretrainingLoss.sum": {
            "value": 0.0,
            "min": 0.0,
            "max": 0.0,
            "count": 9
        }
    },
    "metadata": {
        "timer_format_version": "0.1.0",
        "start_time_seconds": "1651937708",
        "python_version": "3.7.9 (tags/v3.7.9:13c94747c7, Aug 17 2020, 18:58:18) [MSC v.1900 64 bit (AMD64)]",