{
    "name": "root",
    "gauges": {
        "FlappAndSwitch.Policy.Entropy.mean": {
            "value": 1.3297507762908936,
            "min": 1.3142322301864624,
            "max": 1.3761440515518188,
            "count": 50
        },
        "FlappAndSwitch.Policy.Entropy.sum": {
            "value": 2332.3828125,
            "min": 402.57879638671875,
            "max": 4926.7314453125,
            "count": 50
        },
        "FlappAndSwitch.Environment.EpisodeLength.mean": {
            "value": 1751.0,
            "min": 84.0,
            "max": 6884.0,
            "count": 37
        },
        "FlappAndSwitch.Environment.EpisodeLength.sum": {
            "value": 1751.0,
            "min": 168.0,
            "max": 6884.0,
            "count": 37
        },
        "FlappAndSwitch.Step.mean": {
            "value": 99623.0,
            "min": 1341.0,
            "max": 99623.0,
            "count": 50
        },
        "FlappAndSwitch.Step.sum": {
            "value": 99623.0,
            "min": 1341.0,
            "max": 99623.0,
            "count": 50
        },
        "FlappAndSwitch.Policy.ExtrinsicValueEstimate.mean": {
            "value": 0.10062917321920395,
            "min": -0.009379047900438309,
            "max": 0.39536169171333313,
            "count": 50
        },
        "FlappAndSwitch.Policy.ExtrinsicValueEstimate.sum": {
            "value": 0.10062917321920395,
            "min": -0.028137143701314926,
            "max": 0.600558876991272,
            "count": 50
        },
        "FlappAndSwitch.Policy.GailValueEstimate.mean": {
            "value": 0.0026948621962219477,
            "min": -0.01191786676645279,
            "max": 0.01182376965880394,
            "count": 50
        },
        "FlappAndSwitch.Policy.GailValueEstimate.sum": {
            "value": 0.0026948621962219477,
            "min": -0.05687467008829117,
            "max": 0.07099521160125732,
            "count": 50
        },
        "FlappAndSwitch.Environment.CumulativeReward.mean": {
            "value": 76.79403305053711,
            "min": 3.9596675634384155,
            "max": 135.58404922485352,
            "count": 33
        },
        "FlappAndSwitch.Environment.CumulativeReward.sum": {
            "value": 76.79403305053711,
            "min": 8.534002304077148,
            "max": 140.05205035209656,
            "count": 33
        },
        "FlappAndSwitch.Policy.ExtrinsicReward.mean": {
            "value": 76.79403305053711,
            "min": 3.9596675634384155,
            "max": 135.58404922485352,
            "count": 33
        },
        "FlappAndSwitch.Policy.ExtrinsicReward.sum": {
            "value": 76.79403305053711,
            "min": 8.534002304077148,
            "max": 140.05205035209656,
            "count": 33
        },
        "FlappAndSwitch.Policy.GailReward.mean": {
            "value": 0.0,
            "min": 0.0,
            "max": 0.0,
            "count": 33
        },
        "FlappAndSwitch.Policy.GailReward.sum": {
            "value": 0.0,
            "min": 0.0,
            "max": 0.0,
            "count": 33
        },
        "FlappAndSwitch.IsTraining.mean": {
            "value": 1.0,
            "min": 1.0,
            "max": 1.0,
            "count": 50
        },
        "FlappAndSwitch.IsTraining.sum": {
            "value": 1.0,
            "min": 1.0,
            "max": 1.0,
            "count": 50
        },
        "FlappAndSwitch.Losses.PolicyLoss.mean": {
            "value": 0.05186200601617909,
            "min": 0.04688179439485625,
            "max": 0.05186200601617909,
            "count": 9
        },
        "FlappAndSwitch.Losses.PolicyLoss.sum": {
            "value": 0.05186200601617909,
            "min": 0.04688179439485625,
            "max": 0.05186200601617909,
            "count": 9
        },
        "FlappAndSwitch.Losses.ValueLoss.mean": {
            "value": 0.0020135630500994414,
            "min": 0.0020135630500994414,
            "max": 0.004871193521314106,
            "count": 9
        },
        "FlappAndSwitch.Losses.ValueLoss.sum": {
            "value": 0.0020135630500994414,
            "min": 0.0020135630500994414,
            "max": 0.004871193521314106,
            "count": 9
        },
        "FlappAndSwitch.Policy.LearningRate.mean": {
            "value": 1.1310996230000151e-06,
            "min": 1.1310996230000151e-06,
            "max": 0.00026846101051300003,
            "count": 9
        },
        "FlappAndSwitch.Policy.LearningRate.sum": {
            "value": 1.1310996230000151e-06,
            "min": 1.1310996230000151e-06,
            "max": 0.00026846101051300003,
            "count": 9
        },
        "FlappAndSwitch.Policy.Epsilon.mean": {
            "value": 0.10037700000000002,
            "min": 0.10037700000000002,
            "max": 0.18948699999999996,
            "count": 9
        },
        "FlappAndSwitch.Policy.Epsilon.sum": {
            "value": 0.10037700000000002,
            "min": 0.10037700000000002,
            "max": 0.18948699999999996,
            "count": 9
        },
        "FlappAndSwitch.Policy.Beta.mean": {
            "value": 1.1847300000000026e-05,
            "min": 1.1847300000000026e-05,
            "max": 0.0004484863000000001,
            "count": 9
        },
        "FlappAndSwitch.Policy.Beta.sum": {
            "value": 1.1847300000000026e-05,
            "min": 1.1847300000000026e-05,
            "max": 0.0004484863000000001,
            "count": 9
        },
        "FlappAndSwitch.Policy.GAILPolicyEstimate.mean": {
            "value": 0.009553066535025008,
            "min": 0.009298416730459957,
            "max": 0.013429750543249252,
            "count": 9
        },
        "FlappAndSwitch.Policy.GAILPolicyEstimate.sum": {
            "value": 0.009553066535025008,
            "min": 0.009298416730459957,
            "max": 0.013429750543249252,
            "count": 9
        },
        "FlappAndSwitch.Policy.GAILExpertEstimate.mean": {
            "value": 0.9928210672405031,
            "min": 0.9919839158936891,
            "max": 0.9938186736649306,
            "count": 9
        },
        "FlappAndSwitch.Policy.GAILExpertEstimate.sum": {
            "value": 0.9928210672405031,
            "min": 0.9919839158936891,
            "max": 0.9938186736649306,
            "count": 9
        },
        "FlappAndSwitch.Losses.GAILLoss.mean": {
            "value": 0.017079427768476308,
            "min": 0.016221341792809426,
            "max": 0.023800196451687714,
            "count": 9
        },
        "FlappAndSwitch.Losses.GAILLoss.sum": {
            "value": 0.017079427768476308,
            "min": 0.016221341792809426,
            "max": 0.023800196451687714,
            "count": 9
        },
        "FlappAndSwitch.Policy.GAILGradMagLoss.mean": {
            "value": 0.01785130032803863,
            "min": 0.017743542185545993,
            "max": 0.0257746653813051,
            "count": 9
        },
        "FlappAndSwitch.Policy.GAILGradMagLoss.sum": {
            "value": 0.01785130032803863,
            "min": 0.017743542185545993,
            "max": 0.0257746653813051,
            "count": 9
        },
        "FlappAndSwitch.Losses.PretrainingLoss.mean": {
            "value": 0.0,
            "min": 0.0,
            "max": 0.0,
            "count": 9
        },
        "FlappAndSwitch.Losses.PretrainingLoss.sum": {
            "value": 0.0,
            "min": 0.0,
            "max": 0.0,
            "count": 9
        }
    },
    "metadata": {
        "timer_format_version": "0.1.0",
        "start_time_seconds": "1651944918",
        "python_version": "3.7.9 (tags/v3.7.9:13c94747c7, Aug 17 2020, 18:58:18) [MSC v.1900 64 bit (AMD64)]",