{
    "name": "root",
    "gauges": {
        "MoveToGoal.Policy.Entropy.mean": {
            "value": 1.4797770977020264,
            "min": 1.4206150770187378,
            "max": 1.4797770977020264,
            "count": 22
        },
        "MoveToGoal.Policy.Entropy.sum": {
            "value": 29787.9140625,
            "min": 28458.376953125,
            "max": 29814.12109375,
            "count": 22
        },
        "MoveToGoal.Environment.EpisodeLength.mean": {
            "value": 52.829787234042556,
            "min": 52.829787234042556,
            "max": 91.9237668161435,
            "count": 22
        },
        "MoveToGoal.Environment.EpisodeLength.sum": {
            "value": 19864.0,
            "min": 18514.0,
            "max": 20499.0,
            "count": 22
        },
        "MoveToGoal.Step.mean": {
            "value": 439994.0,
            "min": 19940.0,
            "max": 439994.0,
            "count": 22
        },
        "MoveToGoal.Step.sum": {
            "value": 439994.0,
            "min": 19940.0,
            "max": 439994.0,
            "count": 22
        },
        "MoveToGoal.Policy.ExtrinsicValueEstimate.mean": {
            "value": 0.04343661665916443,
            "min": -0.26166290044784546,
            "max": 0.04343661665916443,
            "count": 22
        },
        "MoveToGoal.Policy.ExtrinsicValueEstimate.sum": {
            "value": 23.629518508911133,
            "min": -107.28179168701172,
            "max": 23.629518508911133,
            "count": 22
        },
        "MoveToGoal.Environment.CumulativeReward.mean": {
            "value": 0.5842105263157895,
            "min": 0.11764705882352941,
            "max": 0.5934065934065934,
            "count": 22
        },
        "MoveToGoal.Environment.CumulativeReward.sum": {
            "value": 222.0,
            "min": 26.0,
            "max": 222.0,
            "count": 22
        },
        "MoveToGoal.Policy.ExtrinsicReward.mean": {
            "value": 0.5842105263157895,
            "min": 0.11764705882352941,
            "max": 0.5934065934065934,
            "count": 22
        },
        "MoveToGoal.Policy.ExtrinsicReward.sum": {
            "value": 222.0,
            "min": 26.0,
            "max": 222.0,
            "count": 22
        },
        "MoveToGoal.Losses.PolicyLoss.mean": {
            "value": 0.036382571212016046,
            "min": 0.03021930718484024,
            "max": 0.03771927782023947,
            "count": 22
        },
        "MoveToGoal.Losses.PolicyLoss.sum": {
            "value": 0.07276514242403209,
            "min": 0.03254590022067229,
            "max": 0.07543855564047894,
            "count": 22
        },
        "MoveToGoal.Losses.ValueLoss.mean": {
            "value": 0.012078466883394867,
            "min": 0.0031120415223995224,
            "max": 0.12654039189219474,
            "count": 22
        },
        "MoveToGoal.Losses.ValueLoss.sum": {
            "value": 0.024156933766789734,
            "min": 0.006224083044799045,
            "max": 0.12654039189219474,
            "count": 22
        },
        "MoveToGoal.Policy.LearningRate.mean": {
            "value": 8.589983500340913e-06,
            "min": 8.589983500340913e-06,
            "max": 0.0002927529569611363,
            "count": 22
        },
        "MoveToGoal.Policy.LearningRate.sum": {
            "value": 1.7179967000681826e-05,
            "min": 1.7179967000681826e-05,
            "max": 0.0005644595573013637,
            "count": 22
        },
        "MoveToGoal.Policy.Epsilon.mean": {
            "value": 0.10286329545454548,
            "min": 0.10286329545454548,
            "max": 0.19758431818181818,
            "count": 22
        },
        "MoveToGoal.Policy.Epsilon.sum": {
            "value": 0.20572659090909096,
            "min": 0.12505545454545453,
            "max": 0.3881531818181818,
            "count": 22
        },
        "MoveToGoal.Policy.Beta.mean": {
            "value": 0.0005,
            "min": 0.0005,
            "max": 0.0005,
            "count": 22
        },
        "MoveToGoal.Policy.Beta.sum": {
            "value": 0.001,
            "min": 0.0005,
            "max": 0.001,
            "count": 22
        },
        "MoveToGoal.IsTraining.mean": {
            "value": 1.0,
            "min": 1.0,
            "max": 1.0,
            "count": 22
        },
        "MoveToGoal.IsTraining.sum": {
            "value": 1.0,
            "min": 1.0,
            "max": 1.0,
            "count": 22
        }
    },
    "metadata": {
        "timer_format_version": "0.1.0",
        "start_time_seconds": "1652357669",
        "python_version": "3.7.9 (tags/v3.7.9:13c94747c7, Aug 17 2020, 18:58:18) [MSC v.1900 64 bit (AMD64)]",
        "command_line_arguments": "C:\\Users\\Bobby\\Documents\\UnityProjects\\MLAgents_Intro\\venv\\Scripts\\mlagents-learn config/goalAgent.yml --run-id=GoalAgent23_gamma60",
        "mlagents_version": "0.28.0",
        "mlagents_envs_version": "0.28.0",
        "communication_protocol_version": "1.5.0",
        "pytorch_version": "1.7.1+cu110",
        "numpy_version": "1.21.5",
        "end_time_seconds": "1652357869"
    },
    "total": 199.902155,
    "count": 1,
    "self": 0.009252900000007003,
    "children": {
        "run_training.setup": {
            "total": 0.0794127,
            "count": 1,
            "self": 0.0794127
        },
        "TrainerController.start_learning": {
            "total": 199.81348939999998,
            "count": 1,
            "self": 0.4198932999992451,
            "children": {
                "TrainerController._reset_env": {
                    "total": 4.2572709,
                    "count": 1,
                    "self": 4.2572709
                },
                "TrainerController.advance": {
                    "total": 195.09207810000072,
                    "count": 18887,
                    "self": 0.2132042000009733,
                    "children": {
                        "env_step": {
                            "total": 194.87887389999975,
                            "count": 18887,
                            "self": 147.99915260000054,
                            "children": {
                                "SubprocessEnvManager._take_step": {
                                    "total": 46.67335169999946,
                                    "count": 18887,
                                    "self": 1.0288822999998786,
                                    "children": {
                                        "TorchPolicy.evaluate": {
                                            "total": 45.64446939999958,
                                            "count": 14697,
                                            "self": 14.704988399997,
                                            "children": {
                                                "TorchPolicy.sample_actions": {
                                                    "total": 30.93948100000258,
                                                    "count": 14697,
                                                    "self": 30.93948100000258
                                                }
                                            }
                                        }
                                    }
                                },
                                "workers": {
                                    "total": 0.20636959999973747,
                                    "count": 18887,
                                    "self": 0.0,
                                    "children": {
                                        "worker_root": {
                                            "total": 196.16191769999978,
                                            "count": 18887,
                                            "is_parallel": true,
                                            "self": 129.7035491999994,