{
    "name": "root",
    "gauges": {
        "MoveToGoal.Policy.Entropy.mean": {
            "value": 2.675553321838379,
            "min": 2.3154795169830322,
            "max": 2.7881217002868652,
            "count": 22
        },
        "MoveToGoal.Policy.Entropy.sum": {
            "value": 53216.7578125,
            "min": 47020.4453125,
            "max": 56208.53125,
            "count": 22
        },
        "MoveToGoal.Step.mean": {
            "value": 439964.0,
            "min": 19956.0,
            "max": 439964.0,
            "count": 22
        },
        "MoveToGoal.Step.sum": {
            "value": 439964.0,
            "min": 19956.0,
            "max": 439964.0,
            "count": 22
        },
        "MoveToGoal.Policy.ExtrinsicValueEstimate.mean": {
            "value": 0.05121451988816261,
            "min": 0.015842512249946594,
            "max": 0.06511614471673965,
            "count": 22
        },
        "MoveToGoal.Policy.ExtrinsicValueEstimate.sum": {
            "value": 18.74451446533203,
            "min": 5.402296543121338,
            "max": 23.637161254882812,
            "count": 22
        },
        "MoveToGoal.Policy.GailValueEstimate.mean": {
            "value": 0.0010091903386637568,
            "min": -0.016908632591366768,
            "max": 7.922695636749268,
            "count": 22
        },
        "MoveToGoal.Policy.GailValueEstimate.sum": {
            "value": 0.3693636655807495,
            "min": -5.951838493347168,
            "max": 2701.63916015625,
            "count": 22
        },
        "MoveToGoal.Environment.EpisodeLength.mean": {
            "value": 200.55,
            "min": 158.6605504587156,
            "max": 261.8101265822785,
            "count": 22
        },
        "MoveToGoal.Environment.EpisodeLength.sum": {
            "value": 20055.0,
            "min": 15477.0,
            "max": 22267.0,
            "count": 22
        },
        "MoveToGoal.Environment.CumulativeReward.mean": {
            "value": 1.7484501126781107,
            "min": 1.6807000728789716,
            "max": 1.8371167809392015,
            "count": 22
        },
        "MoveToGoal.Environment.CumulativeReward.sum": {
            "value": 174.84501126781106,
            "min": 110.46000500023365,
            "max": 220.45401371270418,
            "count": 22
        },
        "MoveToGoal.Policy.ExtrinsicReward.mean": {
            "value": 1.7484501126781107,
            "min": 1.6807000728789716,
            "max": 1.8371167809392015,
            "count": 22
        },
        "MoveToGoal.Policy.ExtrinsicReward.sum": {
            "value": 174.84501126781106,
            "min": 110.46000500023365,
            "max": 220.45401371270418,
            "count": 22
        },
        "MoveToGoal.Policy.GailReward.mean": {
            "value": 0.0,
            "min": 0.0,
            "max": 0.0,
            "count": 22
        },
        "MoveToGoal.Policy.GailReward.sum": {
            "value": 0.0,
            "min": 0.0,
            "max": 0.0,
            "count": 22
        },
        "MoveToGoal.Losses.PolicyLoss.mean": {
            "value": 0.034410879701964506,
            "min": 0.03183712934498746,
            "max": 0.03770583576058723,
            "count": 22
        },
        "MoveToGoal.Losses.PolicyLoss.sum": {
            "value": 0.06882175940392901,
            "min": 0.03183712934498746,
            "max": 0.07541167152117446,
            "count": 22
        },
        "MoveToGoal.Losses.ValueLoss.mean": {
            "value": 0.009801184193282905,
            "min": 0.008187991892918944,
            "max": 2.8033517675267325,
            "count": 22
        },
        "MoveToGoal.Losses.ValueLoss.sum": {
            "value": 0.01960236838656581,
            "min": 0.011489846182262732,
            "max": 2.8033517675267325,
            "count": 22
        },
        "MoveToGoal.Policy.LearningRate.mean": {
            "value": 8.77782434681818e-06,
            "min": 8.77782434681818e-06,
            "max": 0.00029299227506318176,
            "count": 22
        },
        "MoveToGoal.Policy.LearningRate.sum": {
            "value": 1.755564869363636e-05,
            "min": 1.755564869363636e-05,
            "max": 0.0005648679662561363,
            "count": 22
        },
        "MoveToGoal.Policy.Epsilon.mean": {
            "value": 0.1029259090909091,
            "min": 0.1029259090909091,
            "max": 0.19766409090909093,
            "count": 22
        },
        "MoveToGoal.Policy.Epsilon.sum": {
            "value": 0.2058518181818182,
            "min": 0.12043340909090913,
            "max": 0.38828931818181817,
            "count": 22
        },
        "MoveToGoal.Policy.Beta.mean": {
            "value": 0.0005000000000000001,
            "min": 0.0005000000000000001,
            "max": 0.0005000000000000001,
            "count": 22
        },
        "MoveToGoal.Policy.Beta.sum": {
            "value": 0.0010000000000000002,
            "min": 0.0005000000000000001,
            "max": 0.0010000000000000002,
            "count": 22
        },
        "MoveToGoal.Policy.GAILPolicyEstimate.mean": {
            "value": 0.42341671792997254,
            "min": 0.38816235711177194,
            "max": 0.47114544320437646,
            "count": 22
        },
        "MoveToGoal.Policy.GAILPolicyEstimate.sum": {
            "value": 0.8468334358599451,
            "min": 0.464557111925549,
            "max": 0.9422908864087529,
            "count": 22
        },
        "MoveToGoal.Policy.GAILExpertEstimate.mean": {
            "value": 0.5866582257880104,
            "min": 0.5347627104984389,
            "max": 0.6167798259192043,
            "count": 22
        },
        "MoveToGoal.Policy.GAILExpertEstimate.sum": {
            "value": 1.1733164515760208,
            "min": 0.538933683766259,
            "max": 1.2335596518384087,
            "count": 22
        },
        "MoveToGoal.Losses.GAILLoss.mean": {
            "value": 1.159353565838602,
            "min": 1.0675068063868416,
            "max": 1.3041958292325337,
            "count": 22
        },
        "MoveToGoal.Losses.GAILLoss.sum": {
            "value": 2.318707131677204,
            "min": 1.2832086516751184,
            "max": 2.6083916584650675,
            "count": 22
        },
        "MoveToGoal.Policy.GAILGradMagLoss.mean": {
            "value": 0.02761374195365028,
            "min": 0.013117945258919564,
            "max": 0.04704508300249775,
            "count": 22
        },
        "MoveToGoal.Policy.GAILGradMagLoss.sum": {
            "value": 0.05522748390730056,
            "min": 0.013117945258919564,
            "max": 0.0940901660049955,
            "count": 22
        },
        "MoveToGoal.Losses.PretrainingLoss.mean": {
            "value": 0.0,
            "min": 0.0,
            "max": 0.0,
            "count": 22
        },
        "MoveToGoal.Losses.PretrainingLoss.sum": {
            "value": 0.0,
            "min": 0.0,
            "max": 0.0,
            "count": 22
        },
        "MoveToGoal.IsTraining.mean": {
            "value": 1.0,
            "min": 1.0,
            "max": 1.0,
            "count": 22
        },
        "MoveToGoal.IsTraining.sum": {
            "value": 1.0,
            "min": 1.0,
            "max": 1.0,
            "count": 22
        }
    },
    "metadata": {
        "timer_format_version": "0.1.0",
        "start_time_seconds": "1651524639",
        "python_version": "3.7.9 (tags/v3.7.9:13c94747c7, Aug 17 2020, 18:58:18) [MSC v.1900 64 bit (AMD64)]",
        "command_line_arguments": "C:\\Users\\Bobby\\Documents\\UnityProjects\\MLAgents_Intro\\venv\\Scripts\\mlagents-learn config/foodAgent.yml --initialize-from=FoodAgentAltered_V2.1 --run-id=FoodAgentAltered_V2.1180",
        "mlagents_version": "0.28.0",
        "mlagents_envs_version": "0.28.0",
        "communication_protocol_version": "1.5.0",